city_id,tower_id,tallest_eligible,iconic_candidate,association_source_id,disqualification_reason,review_status
city-q1490,wikidata-q183536,false,true,wikidata-q183536,,approved
city-q1490,wikidata-q57965,true,false,wikidata-q57965,,approved
city-q1353,wikidata-q187635,false,true,wikidata-q187635,,approved
city-q8686,wikidata-q223207,false,true,wikidata-q223207,,approved
city-q8686,wikidata-q18547,true,false,wikidata-q18547,,approved
city-q1354,wikidata-q497536,false,true,wikidata-q497536,,approved
city-q956,wikidata-q197833,false,true,wikidata-q197833,,approved
city-q1156,wikidata-q7285587,false,true,wikidata-q7285587,,approved
city-q1156,wikidata-q98937711,true,false,wikidata-q98937711,,approved
city-q35765,wikidata-q1148463,false,true,wikidata-q1148463,,approved
city-q35765,wikidata-q16318627,true,false,wikidata-q16318627,,approved
city-q8660,wikidata-q2571455,false,true,wikidata-q2571455,,approved
city-q8660,wikidata-q7076089,true,false,wikidata-q7076089,,approved
city-q11725,wikidata-q1666430,false,true,wikidata-q1666430,,approved
city-q406,wikidata-q91274,false,true,wikidata-q91274,,approved
city-q406,wikidata-q131388493,true,false,wikidata-q131388493,,approved
city-q1348,wikidata-q7711913,false,true,wikidata-q7711913,,approved
city-q1461,wikidata-q1461,false,true,wikidata-q1461,,approved
city-q16572,wikidata-q168400,false,true,wikidata-q168400,,approved
city-q11736,wikidata-q1353260,false,true,wikidata-q1353260,,approved
city-q11736,wikidata-q10939987,true,false,wikidata-q10939987,,approved
city-q11739,wikidata-q996962,false,true,wikidata-q996962,,approved
city-q11739,wikidata-q7639954,true,false,wikidata-q7639954,,approved
city-q1355,wikidata-q283257,false,true,wikidata-q283257,,approved
city-q1355,wikidata-q126710631,true,false,wikidata-q126710631,,approved
city-q15174,wikidata-q1077308,false,true,wikidata-q1077308,,approved
city-q1352,wikidata-q2509435,false,true,wikidata-q2509435,,approved
city-q1352,wikidata-q6546309,true,false,wikidata-q6546309,,approved
city-q3630,wikidata-q30686870,false,true,wikidata-q30686870,,approved
city-q1861,wikidata-q724970,false,true,wikidata-q724970,,approved
city-q1861,wikidata-q1640197,true,false,wikidata-q1640197,,approved
city-q1361,wikidata-q1771696,false,true,wikidata-q1771696,,approved
city-q8684,wikidata-q69134,false,true,wikidata-q69134,,approved
city-q8684,wikidata-q494895,true,false,wikidata-q494895,,approved
city-q11751,wikidata-q283373,false,true,wikidata-q283373,,approved
city-q11751,wikidata-q1155401,true,false,wikidata-q1155401,,approved
city-q3616,wikidata-q1140026,false,true,wikidata-q1140026,,approved
city-q3616,wikidata-q622796,true,false,wikidata-q622796,,approved
city-q30002,wikidata-q2118734,true,true,ctbuh-west-pearl,,approved
city-q30002,wikidata-q18589922,false,false,wikidata-q18589922,under construction and ineligible,approved
city-q16666,wikidata-q382121,false,true,wikidata-q382121,,approved
city-q11746,wikidata-q462372,false,true,wikidata-q462372,,approved
city-q11746,wikidata-q143235,true,false,wikidata-q143235,,approved
city-q1854,wikidata-q638512,false,true,wikidata-q638512,,approved
city-q1854,wikidata-q18640924,true,false,wikidata-q18640924,,approved
city-q1865,wikidata-q83063,false,true,wikidata-q83063,,approved
city-q1865,wikidata-q7969454,true,false,wikidata-q7969454,,approved
city-q5826,wikidata-q1047061,false,true,wikidata-q1047061,,approved
city-q5826,wikidata-q99208458,true,false,wikidata-q99208458,,approved
city-q1070,wikidata-q1070,false,true,wikidata-q1070,,approved
city-q8646,wikidata-q317034,false,true,wikidata-q317034,,approved
city-q334,wikidata-q548679,false,true,wikidata-q548679,,approved
city-q334,wikidata-q28873239,true,false,wikidata-q28873239,,approved
city-q1530,wikidata-q1407266,false,true,wikidata-q1407266,,approved
city-q1530,wikidata-q100258244,true,false,wikidata-q100258244,,approved
city-q3692,wikidata-q656743,false,true,wikidata-q656743,,approved
city-q3692,wikidata-q13892708,true,false,wikidata-q13892708,,approved
city-q612,wikidata-q12495,false,true,wikidata-q12495,,approved
city-q3861,wikidata-q737602,true,true,ctbuh-doha,,approved
city-q3861,wikidata-q1128296,false,false,wikidata-q1128296,unbuilt proposal and ineligible,approved
city-q35178,wikidata-q1335640,false,true,wikidata-q1335640,,approved
city-q35178,wikidata-q557933,true,false,wikidata-q557933,,approved
city-q1218,wikidata-q1177765,false,true,wikidata-q1177765,,approved
city-q1218,wikidata-q6699839,true,false,wikidata-q6699839,,approved
city-q1867,wikidata-q83101,false,true,wikidata-q83101,,approved
city-q84,wikidata-q41225,false,true,wikidata-q41225,,approved
city-q84,wikidata-q18536,true,false,wikidata-q18536,,approved
city-q90,wikidata-q243,false,true,wikidata-q243,,approved
city-q2807,wikidata-q989733,false,true,wikidata-q989733,,approved
city-q2807,wikidata-q953610,true,false,wikidata-q953610,,approved
city-q1492,wikidata-q48435,false,true,wikidata-q48435,,approved
city-q1492,wikidata-q1147977,true,false,wikidata-q1147977,,approved
city-q64,wikidata-q151356,false,true,wikidata-q151356,,approved
city-q220,wikidata-q12512,false,true,wikidata-q12512,,approved
city-q220,wikidata-q3664909,true,false,wikidata-q3664909,,approved
city-q490,wikidata-q18068,false,true,wikidata-q18068,,approved
city-q490,wikidata-q3995200,true,false,wikidata-q3995200,,approved
city-q649,wikidata-q181324,false,true,wikidata-q181324,,approved
city-q656,wikidata-q736587,false,true,wikidata-q736587,,approved
city-q656,wikidata-q4255374,true,false,wikidata-q4255374,,approved
city-q1899,wikidata-q142917,false,true,wikidata-q142917,,approved
city-q1899,wikidata-q1369185,true,false,wikidata-q1369185,,approved
city-q270,wikidata-q167566,false,true,wikidata-q167566,,approved
city-q270,wikidata-q116847270,true,false,wikidata-q116847270,,approved
city-q1085,wikidata-q1413217,false,true,wikidata-q1413217,,approved
city-q1741,wikidata-q686544,false,true,wikidata-q686544,,approved
city-q1781,wikidata-q11819,false,true,wikidata-q11819,,approved
city-q1781,wikidata-q25457032,true,false,wikidata-q25457032,,approved
city-q19660,wikidata-q164150,false,true,wikidata-q164150,,approved
city-q19660,wikidata-q1428093,true,false,wikidata-q1428093,,approved
city-q203263,wikidata-q10288,false,true,wikidata-q10288,,approved
city-q597,wikidata-q215003,false,true,wikidata-q215003,,approved
city-q597,wikidata-q233737,false,false,wikidata-q233737,bridge and ineligible,approved
city-q597,wikidata-q1756313,true,false,visitlisboa-vasco-tower,,approved
city-q36433,wikidata-q18642,false,true,wikidata-q18642,,approved
city-q36433,wikidata-q54802080,true,false,wikidata-q54802080,,approved
city-q1761,wikidata-q1134365,false,true,wikidata-q1134365,,approved
city-q1761,wikidata-q846365,true,false,wikidata-q846365,,approved
city-q239,wikidata-q180901,false,true,wikidata-q180901,,approved
city-q239,wikidata-q3533638,true,false,wikidata-q3533638,,approved
city-q727,wikidata-q1816984,false,true,wikidata-q1816984,,approved
city-q34370,wikidata-q969215,false,true,wikidata-q969215,,approved
city-q1748,wikidata-q1140534,false,true,wikidata-q1140534,,approved
city-q1754,wikidata-q648483,false,true,wikidata-q648483,,approved
city-q1754,wikidata-q10550988,true,false,wikidata-q10550988,,approved
city-q585,wikidata-q373850,false,true,wikidata-q373850,,approved
city-q1757,wikidata-q738015,false,true,wikidata-q738015,,approved
city-q1757,wikidata-q385150,true,false,wikidata-q385150,,approved
city-q72,wikidata-q684948,false,true,wikidata-q684948,,approved
city-q72,wikidata-q1337473,true,false,wikidata-q1337473,,approved
city-q1726,wikidata-q167193,false,true,wikidata-q167193,,approved
city-q1726,wikidata-q599148,true,false,wikidata-q599148,,approved
city-q1794,wikidata-q321291,false,true,wikidata-q321291,,approved
city-q1794,wikidata-q701496,true,false,wikidata-q701496,,approved
city-q1055,wikidata-q648375,false,true,wikidata-q648375,,approved
city-q365,wikidata-q4176,false,true,wikidata-q4176,,approved
city-q365,wikidata-q153646,true,false,wikidata-q153646,,approved
city-q18125,wikidata-q2578415,false,true,wikidata-q2578415,,approved
city-q2256,wikidata-q4836768,false,true,wikidata-q4836768,,approved
city-q4093,wikidata-q4093,false,true,wikidata-q4093,,approved
city-q23436,wikidata-q2502213,false,true,wikidata-q2502213,,approved
city-q3711,wikidata-q1258275,false,true,wikidata-q1258275,,approved
city-q1435,wikidata-q312220,false,true,wikidata-q312220,,approved
city-q11194,wikidata-q790278,false,true,wikidata-q790278,,approved
city-q11194,wikidata-q3437287,true,false,wikidata-q3437287,,approved
city-q384,wikidata-q1890632,false,true,wikidata-q1890632,,approved
city-q19689,wikidata-q1515102,false,true,wikidata-q1515102,,approved
city-q85,wikidata-q614684,false,true,wikidata-q614684,,approved
city-q85,wikidata-q102281065,true,false,wikidata-q102281065,,approved
city-q8673,wikidata-q16733944,false,true,wikidata-q16733944,,approved
city-q3838,wikidata-q63483561,false,true,wikidata-q63483561,,approved
city-q34647,wikidata-q1563940,false,true,wikidata-q1563940,,approved
city-q3897,wikidata-q32788393,false,true,wikidata-q32788393,,approved
city-q1963,wikidata-q553923,false,true,wikidata-q553923,,approved
city-q1960,wikidata-q96912060,false,true,wikidata-q96912060,,approved
city-q87,wikidata-q43244,false,true,wikidata-q43244,,approved
city-q1515,wikidata-q3533159,false,true,wikidata-q3533159,,approved
city-q3870,wikidata-q3272625,false,true,wikidata-q3272625,,approved
city-q3870,wikidata-q55642324,false,false,wikidata-q55642324,incomplete project and ineligible,approved
city-q3870,wikidata-q28223286,true,false,ctbuh-nairobi,,approved
city-q7903,wikidata-q41346,false,true,wikidata-q41346,,approved
city-q7903,wikidata-q60851364,true,false,wikidata-q60851364,,approved
city-q3761,wikidata-q124619191,false,true,wikidata-q124619191,,approved
city-q3624,wikidata-q27857526,false,true,wikidata-q27857526,,approved
city-q3624,wikidata-q96912134,true,false,wikidata-q96912134,,approved
city-q3718,wikidata-q470763,false,true,wikidata-q470763,,approved
city-q3718,wikidata-q96912163,true,false,wikidata-q96912163,,approved
city-q3894,wikidata-q4022677,false,true,wikidata-q4022677,,approved
city-q3894,wikidata-q7186495,true,false,wikidata-q7186495,,approved
city-q3889,wikidata-q10270271,false,true,wikidata-q10270271,,approved
city-q3889,wikidata-q96912088,true,false,wikidata-q96912088,,approved
city-q3561,wikidata-q3561,false,true,wikidata-q3561,,approved
city-q3572,wikidata-q29059648,false,true,wikidata-q29059648,,approved
city-q3551,wikidata-q579331,false,true,wikidata-q579331,,approved
city-q3921,wikidata-q56064359,false,true,wikidata-q56064359,,approved
city-q3881,wikidata-q21007716,false,true,wikidata-q21007716,,approved
city-q3919,wikidata-q7797448,false,true,wikidata-q7797448,,approved
city-q3935,wikidata-q3935,false,true,wikidata-q3935,,approved
city-q3915,wikidata-q3915,false,true,wikidata-q3915,,approved
city-q3929,wikidata-q2882647,false,true,wikidata-q2882647,,approved
city-q60,wikidata-q9188,false,true,wikidata-q9188,,approved
city-q60,wikidata-q11245,true,false,wikidata-q11245,,approved
city-q65,wikidata-q368489,false,true,wikidata-q368489,,approved
city-q65,wikidata-q57900,true,false,wikidata-q57900,,approved
city-q1297,wikidata-q29294,false,true,wikidata-q29294,,approved
city-q16557,wikidata-q1248619,false,true,wikidata-q1248619,,approved
city-q16557,wikidata-q806675,true,false,wikidata-q806675,,approved
city-q16555,wikidata-q935919,false,true,wikidata-q935919,,approved
city-q61,wikidata-q178114,false,true,wikidata-q178114,,approved
city-q61,wikidata-q668710,true,false,wikidata-q668710,,approved
city-q8652,wikidata-q7947827,false,true,wikidata-q7947827,,approved
city-q23556,wikidata-q3177225,false,true,wikidata-q3177225,,approved
city-q23556,wikidata-q499486,true,false,wikidata-q499486,,approved
city-q100,wikidata-q798416,false,true,wikidata-q798416,,approved
city-q62,wikidata-q216865,false,true,wikidata-q216865,,approved
city-q62,wikidata-q14684154,true,false,wikidata-q14684154,,approved
city-q5083,wikidata-q5317,false,true,wikidata-q5317,,approved
city-q5083,wikidata-q908703,true,false,wikidata-q908703,,approved
city-q1345,wikidata-q1138183,false,true,wikidata-q1138183,,approved
city-q1345,wikidata-q463759,false,false,wikidata-q463759,unbuilt proposal and ineligible,approved
city-q1345,wikidata-q16958963,true,false,ctbuh-philadelphia,,approved
city-q8818,wikidata-q3062297,true,false,ctbuh-valencia,,approved
city-q11974,wikidata-q4650945,true,false,ctbuh-las-palmas,,approved
city-q172,wikidata-q134883,false,true,wikidata-q134883,,approved
city-q340,wikidata-q61602719,false,true,wikidata-q61602719,,approved
city-q340,wikidata-q164877,true,false,wikidata-q164877,,approved
city-q24639,wikidata-q867340,false,true,wikidata-q867340,,approved
city-q24639,wikidata-q1785026,true,false,wikidata-q1785026,,approved
city-q1489,wikidata-q947870,false,true,wikidata-q947870,,approved
city-q1489,wikidata-q844813,true,false,wikidata-q844813,,approved
city-q11953,wikidata-q1706069,false,true,wikidata-q1706069,,approved
city-q81033,wikidata-q5436075,false,true,wikidata-q5436075,,approved
city-q1563,wikidata-q1708874,false,true,wikidata-q1708874,,approved
city-q1563,wikidata-q110110932,true,false,wikidata-q110110932,,approved
city-q3306,wikidata-q5853834,false,true,wikidata-q5853834,,approved
city-q3306,wikidata-q2444561,true,false,wikidata-q2444561,,approved
city-q174,wikidata-q169420,false,true,wikidata-q169420,,approved
city-q174,wikidata-q42258,true,false,wikidata-q42258,,approved
city-q1486,wikidata-q831389,false,true,wikidata-q831389,,approved
city-q1486,wikidata-q2961507,true,false,wikidata-q2961507,,approved
city-q8678,wikidata-q79961,false,true,wikidata-q79961,,approved
city-q8678,wikidata-q2411716,true,false,wikidata-q2411716,,approved
city-q2868,wikidata-q2446793,false,true,wikidata-q2446793,,approved
city-q2868,wikidata-q48460897,true,false,wikidata-q48460897,,approved
city-q2841,wikidata-q19207166,false,true,wikidata-q19207166,,approved
city-q2887,wikidata-q1542408,false,true,wikidata-q1542408,,approved
city-q1533,wikidata-q4388657,false,true,wikidata-q4388657,,approved
city-q1533,wikidata-q1054303,true,false,wikidata-q1054303,,approved
city-q42800,wikidata-q42800,false,true,wikidata-q42800,,approved
city-q2844,wikidata-q201720,false,true,wikidata-q201720,,approved
city-q2844,wikidata-q1270936,true,false,wikidata-q1270936,,approved
city-q36947,wikidata-q1328348,false,true,wikidata-q1328348,,approved
city-q36947,wikidata-q10323861,true,false,wikidata-q10323861,,approved
city-q48344,wikidata-q15975929,false,true,wikidata-q15975929,,approved
city-q48278,wikidata-q3057904,false,true,wikidata-q3057904,,approved
city-q48278,wikidata-q7826994,true,false,wikidata-q7826994,,approved
city-q2900,wikidata-q4868435,false,true,wikidata-q4868435,,approved
city-q43509,wikidata-q6150287,false,true,wikidata-q6150287,,approved
city-q1335,wikidata-q1519373,false,true,wikidata-q1519373,,approved
city-q1335,wikidata-q109313102,true,false,wikidata-q109313102,,approved
city-q3130,wikidata-q827268,false,true,wikidata-q827268,,approved
city-q3130,wikidata-q19870155,true,false,wikidata-q19870155,,approved
city-q3141,wikidata-q4823550,false,true,wikidata-q4823550,,approved
city-q34932,wikidata-q4968552,false,true,wikidata-q4968552,,approved
city-q34932,wikidata-q16823864,true,false,wikidata-q16823864,,approved
city-q3183,wikidata-q3183,false,true,wikidata-q3183,,approved
city-q5112,wikidata-q5112,false,true,wikidata-q5112,,approved
city-q37100,wikidata-q37100,false,true,wikidata-q37100,,approved
city-q23661,wikidata-q10323215,false,true,wikidata-q10323215,,approved
city-q79990,wikidata-q1077977,false,true,wikidata-q1077977,,approved
city-q79990,wikidata-q17036267,true,false,wikidata-q17036267,,approved
city-q18094,wikidata-q448450,false,true,wikidata-q448450,,approved
city-q18094,wikidata-q106436675,true,false,wikidata-q106436675,,approved
city-q38807,wikidata-q131658559,false,true,wikidata-q131658559,,approved
city-q8818,wikidata-q1466926,false,true,wikidata-q1466926,,approved
city-q8692,wikidata-q3121267,false,true,wikidata-q3121267,,approved
city-q8851,wikidata-q1582758,true,true,visit-costa-del-sol-malaga-cathedral,,approved
city-q8851,wikidata-q5669119,false,false,wikidata-q5669119,Lower than the verified 84 m cathedral tower.,approved
city-q11974,wikidata-q1385934,false,true,wikidata-q1385934,,approved
city-q14328,wikidata-q734657,false,true,wikidata-q734657,,approved
city-q8826,wikidata-q1298819,false,true,wikidata-q1298819,,approved
city-q8826,wikidata-q5856454,true,false,wikidata-q5856454,,approved
city-q473914,wikidata-q2942557,false,true,wikidata-q2942557,,approved
city-q49550,wikidata-q11920552,false,true,wikidata-q11920552,,approved
city-q49550,wikidata-q8960896,true,false,wikidata-q8960896,,approved
city-q12233,wikidata-q922172,false,true,wikidata-q922172,,approved
city-q12233,wikidata-q5856365,true,false,wikidata-q5856365,,approved
city-q14317,wikidata-q1534288,true,true,oviedo-cathedral-tower,,approved
city-q8757,wikidata-q245151,false,true,wikidata-q245151,,approved
city-q8757,wikidata-q3395775,true,false,wikidata-q3395775,,approved
city-q10305,wikidata-q810684,false,true,wikidata-q810684,,approved
city-q10305,wikidata-q11374320,true,false,wikidata-q11374320,,approved
city-q15092,wikidata-q2511122,false,true,wikidata-q2511122,,approved
city-q11959,wikidata-q131349248,false,true,wikidata-q131349248,,approved
city-q8717,wikidata-q96078341,false,false,wikidata-q96078341,bridge and ineligible,approved
city-q8717,wikidata-q2746748,true,false,visitasevilla-torre,,approved
city-q8717,wikidata-q834479,false,true,visitasevilla-giralda,,approved
city-q647543,wikidata-q47003633,false,true,wikidata-q47003633,,approved
city-q24013882,wikidata-q24013882,false,true,wikidata-q24013882,,approved
city-q433632,wikidata-q433632,false,true,wikidata-q433632,,approved
city-q16554,wikidata-q901770,false,true,wikidata-q901770,,approved
city-q16554,wikidata-q4640570,true,false,wikidata-q4640570,,approved
city-q23768,wikidata-q1340132,false,true,wikidata-q1340132,,approved
city-q49233,wikidata-q49233,false,true,wikidata-q49233,,approved
city-q16565,wikidata-q586913,false,true,wikidata-q586913,,approved
city-q16565,wikidata-q673794,true,false,wikidata-q673794,,approved
city-q16556,wikidata-q2943678,false,true,wikidata-q2943678,,approved
city-q1461,wikidata-q5440278,true,false,wikidata-q5440278,,approved
city-q1461,wikidata-q7339077,false,true,wikidata-q7339077,,approved
city-q1070,curated-mondeal-one,true,false,source-curated-mondeal-one,,approved
city-q1070,wikidata-q107210904,false,true,wikidata-q107210904,,approved
city-q4093,wikidata-q3533344,true,false,wikidata-q3533344,,approved
city-q4093,wikidata-q17567981,false,true,wikidata-q17567981,,approved
city-q3561,wikidata-q23012984,true,false,wikidata-q23012984,,approved
city-q3561,wikidata-q3056085,false,true,wikidata-q3056085,,approved
city-q3935,wikidata-q1664331,true,false,wikidata-q1664331,,approved
city-q3935,wikidata-q1087458,false,true,wikidata-q1087458,,approved
city-q3915,curated-fiaro-building,true,false,source-curated-fiaro-building,,approved
city-q3915,wikidata-q1290337,false,true,wikidata-q1290337,,approved
city-q42800,wikidata-q82800323,true,false,wikidata-q82800323,,approved
city-q42800,wikidata-q18470509,false,true,wikidata-q18470509,,approved
city-q3183,wikidata-q2585611,true,false,wikidata-q2585611,,approved
city-q3183,wikidata-q7653429,false,true,wikidata-q7653429,,approved
city-q5112,wikidata-q125766623,true,false,wikidata-q125766623,,approved
city-q5112,wikidata-q2918618,false,true,wikidata-q2918618,,approved
city-q37100,wikidata-q722125,true,true,wikidata-q722125,,approved
city-q24013882,wikidata-q21039368,true,false,wikidata-q21039368,,approved
city-q24013882,curated-nuestra-senora-del-rosario-pdr,false,true,source-curated-nuestra-senora-del-rosario-pdr,,approved
city-q433632,wikidata-q5637893,true,true,wikidata-q5637893,,approved
city-q49233,wikidata-q3503721,true,false,wikidata-q3503721,,approved
city-q49233,wikidata-q2742709,false,true,wikidata-q2742709,,approved
city-q1354,curated-shaheed-minar-dhaka,false,true,source-curated-shaheed-minar-dhaka,,approved
city-q956,wikidata-q125445,false,true,wikidata-q125445,,approved
city-q11725,wikidata-q6683399,false,true,wikidata-q6683399,,approved
city-q1348,wikidata-q1356352,false,true,wikidata-q1356352,,approved
city-q3630,wikidata-q145151,false,true,wikidata-q145151,,approved
city-q8646,wikidata-q214855,false,true,wikidata-q214855,,approved
city-q1741,wikidata-q5943,false,true,wikidata-q5943,,approved
city-q1055,wikidata-q674472,false,true,wikidata-q674472,,approved
city-q2256,wikidata-q5620988,false,true,wikidata-q5620988,,approved
city-q19689,curated-clock-tower-tirana,false,true,source-curated-clock-tower-tirana,,approved
city-q87,wikidata-q1350295,false,true,wikidata-q1350295,,approved
city-q1515,curated-la-pyramide-abidjan,false,true,source-curated-la-pyramide-abidjan,,approved
city-q3761,wikidata-q98410976,false,true,wikidata-q98410976,,approved
city-q3572,curated-habib-bourguiba-clock,false,true,source-curated-habib-bourguiba-clock,,approved
city-q16555,wikidata-q1357650,false,true,wikidata-q1357650,,approved
city-q8652,wikidata-q1453542,false,true,wikidata-q1453542,,approved
city-q100,wikidata-q3007905,false,true,wikidata-q3007905,,approved
city-q2841,wikidata-q3120855,false,true,wikidata-q3120855,,approved
city-q43509,curated-torre-morisca-guayaquil,false,true,source-curated-torre-morisca-guayaquil,,approved
city-q3141,wikidata-q4801443,false,true,wikidata-q4801443,,approved
city-q38807,wikidata-q5588695,false,true,wikidata-q5588695,,approved
city-q8818,wikidata-q2975344,false,true,wikidata-q2975344,,approved
city-q11959,wikidata-q429562,false,true,wikidata-q429562,,approved
city-q23768,wikidata-q845846,false,true,wikidata-q845846,,approved
city-q16556,wikidata-q7989806,false,true,wikidata-q7989806,,approved
