city_id,airport_id,include,primary_airport,airport_order,service_pattern,qualifying_service_as_of,association_source_id,service_source_id,inclusion_reason_en,inclusion_reason_es,review_status
city-q1490,ourairports-5627,true,true,1,year_round,2026-09-14,ourairports-2026-09-14,ourairports-2026-09-14,Scheduled commercial airport conventionally serving Tokyo.,Aeropuerto comercial con servicios regulares que sirve convencionalmente a Tokio.,approved
city-q1490,ourairports-5531,true,false,2,year_round,2026-09-14,ourairports-2026-09-14,ourairports-2026-09-14,Scheduled commercial airport conventionally serving Tokyo.,Aeropuerto comercial con servicios regulares que sirve convencionalmente a Tokio.,approved
city-q1353,ourairports-26555,true,true,1,year_round,2026-09-14,ourairports-2026-09-14,ourairports-2026-09-14,Scheduled commercial airport conventionally serving Delhi.,Aeropuerto comercial con servicios regulares que sirve convencionalmente a Delhi.,approved
city-q8686,ourairports-27223,true,true,1,year_round,2026-09-14,ourairports-2026-09-14,ourairports-2026-09-14,Scheduled commercial airport conventionally serving Shanghai.,Aeropuerto comercial con servicios regulares que sirve convencionalmente a Shanghái.,approved
city-q8686,ourairports-27225,true,false,2,year_round,2026-09-14,ourairports-2026-09-14,ourairports-2026-09-14,Scheduled commercial airport conventionally serving Shanghai.,Aeropuerto comercial con servicios regulares que sirve convencionalmente a Shanghái.,approved
city-q1354,ourairports-26534,true,true,1,year_round,2026-09-14,ourairports-2026-09-14,ourairports-2026-09-14,Scheduled commercial airport conventionally serving Dhaka.,Aeropuerto comercial con servicios regulares que sirve convencionalmente a Daca.,approved
city-q956,ourairports-27188,true,true,1,year_round,2026-09-14,ourairports-2026-09-14,ourairports-2026-09-14,Scheduled commercial airport conventionally serving Beijing.,Aeropuerto comercial con servicios regulares que sirve convencionalmente a Pekín.,approved
city-q956,ourairports-330820,true,false,2,year_round,2026-09-14,ourairports-2026-09-14,ourairports-2026-09-14,Scheduled commercial airport conventionally serving Beijing.,Aeropuerto comercial con servicios regulares que sirve convencionalmente a Pekín.,approved
city-q1156,ourairports-26434,true,true,1,year_round,2026-09-14,ourairports-2026-09-14,ourairports-2026-09-14,Scheduled commercial airport conventionally serving Mumbai.,Aeropuerto comercial con servicios regulares que sirve convencionalmente a Bombay.,approved
city-q35765,ourairports-5536,true,true,1,year_round,2026-09-14,ourairports-2026-09-14,ourairports-2026-09-14,Scheduled commercial airport conventionally serving Osaka.,Aeropuerto comercial con servicios regulares que sirve convencionalmente a Osaka.,approved
city-q35765,ourairports-5598,true,false,2,year_round,2026-09-14,ourairports-2026-09-14,ourairports-2026-09-14,Scheduled commercial airport conventionally serving Osaka.,Aeropuerto comercial con servicios regulares que sirve convencionalmente a Osaka.,approved
city-q8660,ourairports-5255,true,true,1,year_round,2026-09-14,ourairports-2026-09-14,ourairports-2026-09-14,Scheduled commercial airport conventionally serving Karachi.,Aeropuerto comercial con servicios regulares que sirve convencionalmente a Karachi.,approved
city-q11725,ourairports-27228,true,true,1,year_round,2026-09-14,ourairports-2026-09-14,ourairports-2026-09-14,Scheduled commercial airport conventionally serving Chongqing.,Aeropuerto comercial con servicios regulares que sirve convencionalmente a Chongqing.,approved
city-q406,ourairports-317457,true,true,1,year_round,2026-09-14,ourairports-2026-09-14,ourairports-2026-09-14,Scheduled commercial airport conventionally serving Istanbul.,Aeropuerto comercial con servicios regulares que sirve convencionalmente a Estambul.,approved
city-q406,ourairports-4569,true,false,2,year_round,2026-09-14,ourairports-2026-09-14,ourairports-2026-09-14,Scheduled commercial airport conventionally serving Istanbul.,Aeropuerto comercial con servicios regulares que sirve convencionalmente a Estambul.,approved
city-q1348,ourairports-26496,true,true,1,year_round,2026-09-14,ourairports-2026-09-14,ourairports-2026-09-14,Scheduled commercial airport conventionally serving Kolkata.,Aeropuerto comercial con servicios regulares que sirve convencionalmente a Calcuta.,approved
city-q1461,ourairports-5689,true,true,1,year_round,2026-09-14,ourairports-2026-09-14,ourairports-2026-09-14,Scheduled commercial airport conventionally serving Manila.,Aeropuerto comercial con servicios regulares que sirve convencionalmente a Manila.,approved
city-q16572,ourairports-27194,true,true,1,year_round,2026-09-14,ourairports-2026-09-14,ourairports-2026-09-14,Scheduled commercial airport conventionally serving Guangzhou.,Aeropuerto comercial con servicios regulares que sirve convencionalmente a Cantón.,approved
city-q11736,ourairports-27192,true,true,1,year_round,2026-09-14,ourairports-2026-09-14,ourairports-2026-09-14,Scheduled commercial airport conventionally serving Tianjin.,Aeropuerto comercial con servicios regulares que sirve convencionalmente a Tianjín.,approved
city-q11739,ourairports-5257,true,true,1,year_round,2026-09-14,ourairports-2026-09-14,ourairports-2026-09-14,Scheduled commercial airport conventionally serving Lahore.,Aeropuerto comercial con servicios regulares que sirve convencionalmente a Lahore.,approved
city-q1355,ourairports-35145,true,true,1,year_round,2026-09-14,ourairports-2026-09-14,ourairports-2026-09-14,Scheduled commercial airport conventionally serving Bengaluru.,Aeropuerto comercial con servicios regulares que sirve convencionalmente a Bangalore.,approved
city-q15174,ourairports-27198,true,true,1,year_round,2026-09-14,ourairports-2026-09-14,ourairports-2026-09-14,Scheduled commercial airport conventionally serving Shenzhen.,Aeropuerto comercial con servicios regulares que sirve convencionalmente a Shenzhen.,approved
city-q1352,ourairports-26618,true,true,1,year_round,2026-09-14,ourairports-2026-09-14,ourairports-2026-09-14,Scheduled commercial airport conventionally serving Chennai.,Aeropuerto comercial con servicios regulares que sirve convencionalmente a Chennai.,approved
city-q3630,ourairports-26835,true,true,1,year_round,2026-09-14,ourairports-2026-09-14,ourairports-2026-09-14,Scheduled commercial airport conventionally serving Jakarta.,Aeropuerto comercial con servicios regulares que sirve convencionalmente a Yakarta.,approved
city-q3630,ourairports-26832,true,false,2,year_round,2026-09-14,ourairports-2026-09-14,ourairports-2026-09-14,Scheduled commercial airport conventionally serving Jakarta.,Aeropuerto comercial con servicios regulares que sirve convencionalmente a Yakarta.,approved
city-q1861,ourairports-28118,true,true,1,year_round,2026-09-14,ourairports-2026-09-14,ourairports-2026-09-14,Scheduled commercial airport conventionally serving Bangkok.,Aeropuerto comercial con servicios regulares que sirve convencionalmente a Bangkok.,approved
city-q1861,ourairports-26638,true,false,2,year_round,2026-09-14,ourairports-2026-09-14,ourairports-2026-09-14,Scheduled commercial airport conventionally serving Bangkok.,Aeropuerto comercial con servicios regulares que sirve convencionalmente a Bangkok.,approved
city-q1361,ourairports-35141,true,true,1,year_round,2026-09-14,ourairports-2026-09-14,ourairports-2026-09-14,Scheduled commercial airport conventionally serving Hyderabad.,Aeropuerto comercial con servicios regulares que sirve convencionalmente a Hyderabad.,approved
city-q8684,ourairports-5653,true,true,1,year_round,2026-09-14,ourairports-2026-09-14,ourairports-2026-09-14,Scheduled commercial airport conventionally serving Seoul.,Aeropuerto comercial con servicios regulares que sirve convencionalmente a Seúl.,approved
city-q8684,ourairports-5656,true,false,2,year_round,2026-09-14,ourairports-2026-09-14,ourairports-2026-09-14,Scheduled commercial airport conventionally serving Seoul.,Aeropuerto comercial con servicios regulares que sirve convencionalmente a Seúl.,approved
city-q11751,ourairports-5576,true,true,1,year_round,2026-09-14,ourairports-2026-09-14,ourairports-2026-09-14,Scheduled commercial airport conventionally serving Nagoya.,Aeropuerto comercial con servicios regulares que sirve convencionalmente a Nagoya.,approved
city-q3616,ourairports-5166,true,true,1,year_round,2026-09-14,ourairports-2026-09-14,ourairports-2026-09-14,Scheduled commercial airport conventionally serving Tehran.,Aeropuerto comercial con servicios regulares que sirve convencionalmente a Teherán.,approved
city-q3616,ourairports-5168,true,false,2,year_round,2026-09-14,ourairports-2026-09-14,ourairports-2026-09-14,Scheduled commercial airport conventionally serving Tehran.,Aeropuerto comercial con servicios regulares que sirve convencionalmente a Teherán.,approved
city-q30002,ourairports-27230,true,true,1,year_round,2026-09-14,ourairports-2026-09-14,ourairports-2026-09-14,Scheduled commercial airport conventionally serving Chengdu.,Aeropuerto comercial con servicios regulares que sirve convencionalmente a Chengdu.,approved
city-q30002,ourairports-342095,true,false,2,year_round,2026-09-14,ourairports-2026-09-14,ourairports-2026-09-14,Scheduled commercial airport conventionally serving Chengdu.,Aeropuerto comercial con servicios regulares que sirve convencionalmente a Chengdu.,approved
city-q16666,ourairports-27221,true,true,1,year_round,2026-09-14,ourairports-2026-09-14,ourairports-2026-09-14,Scheduled commercial airport conventionally serving Nanjing.,Aeropuerto comercial con servicios regulares que sirve convencionalmente a Nankín.,approved
city-q11746,ourairports-27200,true,true,1,year_round,2026-09-14,ourairports-2026-09-14,ourairports-2026-09-14,Scheduled commercial airport conventionally serving Wuhan.,Aeropuerto comercial con servicios regulares que sirve convencionalmente a Wuhan.,approved
city-q1854,ourairports-26708,true,true,1,year_round,2026-09-14,ourairports-2026-09-14,ourairports-2026-09-14,Scheduled commercial airport conventionally serving Ho Chi Minh City.,Aeropuerto comercial con servicios regulares que sirve convencionalmente a Ciudad Ho Chi Minh.,approved
city-q1865,ourairports-26874,true,true,1,year_round,2026-09-14,ourairports-2026-09-14,ourairports-2026-09-14,Scheduled commercial airport conventionally serving Kuala Lumpur.,Aeropuerto comercial con servicios regulares que sirve convencionalmente a Kuala Lumpur.,approved
city-q1865,ourairports-26879,true,false,2,year_round,2026-09-14,ourairports-2026-09-14,ourairports-2026-09-14,Scheduled commercial airport conventionally serving Kuala Lumpur.,Aeropuerto comercial con servicios regulares que sirve convencionalmente a Kuala Lumpur.,approved
city-q5826,ourairports-27205,true,true,1,year_round,2026-09-14,ourairports-2026-09-14,ourairports-2026-09-14,Scheduled commercial airport conventionally serving Xi'an.,Aeropuerto comercial con servicios regulares que sirve convencionalmente a Xi'an.,approved
city-q1070,ourairports-26431,true,true,1,year_round,2026-09-14,ourairports-2026-09-14,ourairports-2026-09-14,Scheduled commercial airport conventionally serving Ahmedabad.,Aeropuerto comercial con servicios regulares que sirve convencionalmente a Ahmedabad.,approved
city-q8646,ourairports-26535,true,true,1,year_round,2026-09-14,ourairports-2026-09-14,ourairports-2026-09-14,Scheduled commercial airport conventionally serving Hong Kong.,Aeropuerto comercial con servicios regulares que sirve convencionalmente a Hong Kong.,approved
city-q334,ourairports-26887,true,true,1,year_round,2026-09-14,ourairports-2026-09-14,ourairports-2026-09-14,Scheduled commercial airport conventionally serving Singapore.,Aeropuerto comercial con servicios regulares que sirve convencionalmente a Singapur.,approved
city-q1530,ourairports-5289,true,true,1,year_round,2026-09-14,ourairports-2026-09-14,ourairports-2026-09-14,Scheduled commercial airport conventionally serving Baghdad.,Aeropuerto comercial con servicios regulares que sirve convencionalmente a Bagdad.,approved
city-q3692,ourairports-5112,true,true,1,year_round,2026-09-14,ourairports-2026-09-14,ourairports-2026-09-14,Scheduled commercial airport conventionally serving Riyadh.,Aeropuerto comercial con servicios regulares que sirve convencionalmente a Riad.,approved
city-q612,ourairports-5235,true,true,1,year_round,2026-09-14,ourairports-2026-09-14,ourairports-2026-09-14,Scheduled commercial airport conventionally serving Dubai.,Aeropuerto comercial con servicios regulares que sirve convencionalmente a Dubái.,approved
city-q612,ourairports-300320,true,false,2,year_round,2026-09-14,ourairports-2026-09-14,ourairports-2026-09-14,Scheduled commercial airport conventionally serving Dubai.,Aeropuerto comercial con servicios regulares que sirve convencionalmente a Dubái.,approved
city-q3861,ourairports-44686,true,true,1,year_round,2026-09-14,ourairports-2026-09-14,ourairports-2026-09-14,Scheduled commercial airport conventionally serving Doha.,Aeropuerto comercial con servicios regulares que sirve convencionalmente a Doha.,approved
city-q35178,ourairports-5220,true,true,1,year_round,2026-09-14,ourairports-2026-09-14,ourairports-2026-09-14,Scheduled commercial airport conventionally serving Kuwait City.,Aeropuerto comercial con servicios regulares que sirve convencionalmente a Ciudad de Kuwait.,approved
city-q1218,ourairports-4411,true,true,1,year_round,2026-09-14,ourairports-2026-09-14,ourairports-2026-09-14,Scheduled commercial airport conventionally serving Jerusalem.,Aeropuerto comercial con servicios regulares que sirve convencionalmente a Jerusalén.,approved
city-q1867,ourairports-5528,true,true,1,year_round,2026-09-14,ourairports-2026-09-14,ourairports-2026-09-14,Scheduled commercial airport conventionally serving Taipei.,Aeropuerto comercial con servicios regulares que sirve convencionalmente a Taipéi.,approved
city-q1867,ourairports-5527,true,false,2,year_round,2026-09-14,ourairports-2026-09-14,ourairports-2026-09-14,Scheduled commercial airport conventionally serving Taipei.,Aeropuerto comercial con servicios regulares que sirve convencionalmente a Taipéi.,approved
city-q84,ourairports-2434,true,true,1,year_round,2026-09-14,ourairports-2026-09-14,ourairports-2026-09-14,Scheduled commercial airport conventionally serving London.,Aeropuerto comercial con servicios regulares que sirve convencionalmente a Londres.,approved
city-q84,ourairports-2429,true,false,2,year_round,2026-09-14,ourairports-2026-09-14,ourairports-2026-09-14,Scheduled commercial airport conventionally serving London.,Aeropuerto comercial con servicios regulares que sirve convencionalmente a Londres.,approved
city-q84,ourairports-2476,true,false,3,year_round,2026-09-14,ourairports-2026-09-14,ourairports-2026-09-14,Scheduled commercial airport conventionally serving London.,Aeropuerto comercial con servicios regulares que sirve convencionalmente a Londres.,approved
city-q84,ourairports-2419,true,false,4,year_round,2026-09-14,ourairports-2026-09-14,ourairports-2026-09-14,Scheduled commercial airport conventionally serving London.,Aeropuerto comercial con servicios regulares que sirve convencionalmente a Londres.,approved
city-q84,ourairports-2430,true,false,5,year_round,2026-09-14,ourairports-2026-09-14,ourairports-2026-09-14,Scheduled commercial airport conventionally serving London.,Aeropuerto comercial con servicios regulares que sirve convencionalmente a Londres.,approved
city-q84,ourairports-2435,true,false,6,year_round,2026-09-14,ourairports-2026-09-14,ourairports-2026-09-14,Scheduled commercial airport conventionally serving London.,Aeropuerto comercial con servicios regulares que sirve convencionalmente a Londres.,approved
city-q90,ourairports-4185,true,true,1,year_round,2026-09-14,ourairports-2026-09-14,ourairports-2026-09-14,Scheduled commercial airport conventionally serving Paris.,Aeropuerto comercial con servicios regulares que sirve convencionalmente a París.,approved
city-q90,ourairports-4189,true,false,2,year_round,2026-09-14,ourairports-2026-09-14,ourairports-2026-09-14,Scheduled commercial airport conventionally serving Paris.,Aeropuerto comercial con servicios regulares que sirve convencionalmente a París.,approved
city-q90,ourairports-4169,true,false,3,year_round,2026-09-14,ourairports-2026-09-14,ourairports-2026-09-14,Scheduled commercial airport conventionally serving Paris.,Aeropuerto comercial con servicios regulares que sirve convencionalmente a París.,approved
city-q2807,ourairports-4019,true,true,1,year_round,2026-09-14,ourairports-2026-09-14,ourairports-2026-09-14,Scheduled commercial airport conventionally serving Madrid.,Aeropuerto comercial con servicios regulares que sirve convencionalmente a Madrid.,approved
city-q1492,ourairports-4004,true,true,1,year_round,2026-09-14,ourairports-2026-09-14,ourairports-2026-09-14,Scheduled commercial airport conventionally serving Barcelona.,Aeropuerto comercial con servicios regulares que sirve convencionalmente a Barcelona.,approved
city-q64,ourairports-301881,true,true,1,year_round,2026-09-14,ourairports-2026-09-14,ourairports-2026-09-14,Scheduled commercial airport conventionally serving Berlin.,Aeropuerto comercial con servicios regulares que sirve convencionalmente a Berlín.,approved
city-q220,ourairports-4372,true,true,1,year_round,2026-09-14,ourairports-2026-09-14,ourairports-2026-09-14,Scheduled commercial airport conventionally serving Rome.,Aeropuerto comercial con servicios regulares que sirve convencionalmente a Roma.,approved
city-q220,ourairports-4370,true,false,2,year_round,2026-09-14,ourairports-2026-09-14,ourairports-2026-09-14,Scheduled commercial airport conventionally serving Rome.,Aeropuerto comercial con servicios regulares que sirve convencionalmente a Roma.,approved
city-q490,ourairports-4340,true,true,1,year_round,2026-09-14,ourairports-2026-09-14,ourairports-2026-09-14,Scheduled commercial airport conventionally serving Milan.,Aeropuerto comercial con servicios regulares que sirve convencionalmente a Milán.,approved
city-q490,ourairports-4345,true,false,2,year_round,2026-09-14,ourairports-2026-09-14,ourairports-2026-09-14,Scheduled commercial airport conventionally serving Milan.,Aeropuerto comercial con servicios regulares que sirve convencionalmente a Milán.,approved
city-q490,ourairports-4341,true,false,3,year_round,2026-09-14,ourairports-2026-09-14,ourairports-2026-09-14,Scheduled commercial airport conventionally serving Milan.,Aeropuerto comercial con servicios regulares que sirve convencionalmente a Milán.,approved
city-q649,ourairports-26396,true,true,1,year_round,2026-09-14,ourairports-2026-09-14,ourairports-2026-09-14,Scheduled commercial airport conventionally serving Moscow.,Aeropuerto comercial con servicios regulares que sirve convencionalmente a Moscú.,approved
city-q649,ourairports-26394,true,false,2,year_round,2026-09-14,ourairports-2026-09-14,ourairports-2026-09-14,Scheduled commercial airport conventionally serving Moscow.,Aeropuerto comercial con servicios regulares que sirve convencionalmente a Moscú.,approved
city-q649,ourairports-26401,true,false,3,year_round,2026-09-14,ourairports-2026-09-14,ourairports-2026-09-14,Scheduled commercial airport conventionally serving Moscow.,Aeropuerto comercial con servicios regulares que sirve convencionalmente a Moscú.,approved
city-q649,ourairports-42967,true,false,4,year_round,2026-09-14,ourairports-2026-09-14,ourairports-2026-09-14,Scheduled commercial airport conventionally serving Moscow.,Aeropuerto comercial con servicios regulares que sirve convencionalmente a Moscú.,approved
city-q656,ourairports-6489,true,true,1,year_round,2026-09-14,ourairports-2026-09-14,ourairports-2026-09-14,Scheduled commercial airport conventionally serving Saint Petersburg.,Aeropuerto comercial con servicios regulares que sirve convencionalmente a San Petersburgo.,approved
city-q1899,ourairports-6467,true,true,1,year_round,2026-09-14,ourairports-2026-09-14,ourairports-2026-09-14,Scheduled commercial airport conventionally serving Kyiv.,Aeropuerto comercial con servicios regulares que sirve convencionalmente a Kiev.,approved
city-q1899,ourairports-6478,true,false,2,year_round,2026-09-14,ourairports-2026-09-14,ourairports-2026-09-14,Scheduled commercial airport conventionally serving Kyiv.,Aeropuerto comercial con servicios regulares que sirve convencionalmente a Kiev.,approved
city-q270,ourairports-2637,true,true,1,year_round,2026-09-14,ourairports-2026-09-14,ourairports-2026-09-14,Scheduled commercial airport conventionally serving Warsaw.,Aeropuerto comercial con servicios regulares que sirve convencionalmente a Varsovia.,approved
city-q270,ourairports-2622,true,false,2,year_round,2026-09-14,ourairports-2026-09-14,ourairports-2026-09-14,Scheduled commercial airport conventionally serving Warsaw.,Aeropuerto comercial con servicios regulares que sirve convencionalmente a Varsovia.,approved
city-q1085,ourairports-4408,true,true,1,year_round,2026-09-14,ourairports-2026-09-14,ourairports-2026-09-14,Scheduled commercial airport conventionally serving Prague.,Aeropuerto comercial con servicios regulares que sirve convencionalmente a Praga.,approved
city-q1741,ourairports-4434,true,true,1,year_round,2026-09-14,ourairports-2026-09-14,ourairports-2026-09-14,Scheduled commercial airport conventionally serving Vienna.,Aeropuerto comercial con servicios regulares que sirve convencionalmente a Viena.,approved
city-q1781,ourairports-4296,true,true,1,year_round,2026-09-14,ourairports-2026-09-14,ourairports-2026-09-14,Scheduled commercial airport conventionally serving Budapest.,Aeropuerto comercial con servicios regulares que sirve convencionalmente a Budapest.,approved
city-q19660,ourairports-4482,true,true,1,year_round,2026-09-14,ourairports-2026-09-14,ourairports-2026-09-14,Scheduled commercial airport conventionally serving Bucharest.,Aeropuerto comercial con servicios regulares que sirve convencionalmente a Bucarest.,approved
city-q19660,ourairports-4474,true,false,2,year_round,2026-09-14,ourairports-2026-09-14,ourairports-2026-09-14,Scheduled commercial airport conventionally serving Bucharest.,Aeropuerto comercial con servicios regulares que sirve convencionalmente a Bucarest.,approved
city-q203263,ourairports-4251,true,true,1,year_round,2026-09-14,ourairports-2026-09-14,ourairports-2026-09-14,Scheduled commercial airport conventionally serving Athens.,Aeropuerto comercial con servicios regulares que sirve convencionalmente a Atenas.,approved
city-q597,ourairports-4461,true,true,1,year_round,2026-09-14,ourairports-2026-09-14,ourairports-2026-09-14,Scheduled commercial airport conventionally serving Lisbon.,Aeropuerto comercial con servicios regulares que sirve convencionalmente a Lisboa.,approved
city-q36433,ourairports-4459,true,true,1,year_round,2026-09-14,ourairports-2026-09-14,ourairports-2026-09-14,Scheduled commercial airport conventionally serving Porto.,Aeropuerto comercial con servicios regulares que sirve convencionalmente a Oporto.,approved
city-q1761,ourairports-2533,true,true,1,year_round,2026-09-14,ourairports-2026-09-14,ourairports-2026-09-14,Scheduled commercial airport conventionally serving Dublin.,Aeropuerto comercial con servicios regulares que sirve convencionalmente a Dublín.,approved
city-q239,ourairports-2155,true,true,1,year_round,2026-09-14,ourairports-2026-09-14,ourairports-2026-09-14,Scheduled commercial airport conventionally serving Brussels.,Aeropuerto comercial con servicios regulares que sirve convencionalmente a Bruselas.,approved
city-q239,ourairports-2157,true,false,2,year_round,2026-09-14,ourairports-2026-09-14,ourairports-2026-09-14,Scheduled commercial airport conventionally serving Brussels.,Aeropuerto comercial con servicios regulares que sirve convencionalmente a Bruselas.,approved
city-q727,ourairports-2513,true,true,1,year_round,2026-09-14,ourairports-2026-09-14,ourairports-2026-09-14,Scheduled commercial airport conventionally serving Amsterdam.,Aeropuerto comercial con servicios regulares que sirve convencionalmente a Ámsterdam.,approved
city-q34370,ourairports-2524,true,true,1,year_round,2026-09-14,ourairports-2026-09-14,ourairports-2026-09-14,Scheduled commercial airport conventionally serving Rotterdam.,Aeropuerto comercial con servicios regulares que sirve convencionalmente a Róterdam.,approved
city-q1748,ourairports-2542,true,true,1,year_round,2026-09-14,ourairports-2026-09-14,ourairports-2026-09-14,Scheduled commercial airport conventionally serving Copenhagen.,Aeropuerto comercial con servicios regulares que sirve convencionalmente a Copenhague.,approved
city-q1754,ourairports-2701,true,true,1,year_round,2026-09-14,ourairports-2026-09-14,ourairports-2026-09-14,Scheduled commercial airport conventionally serving Stockholm.,Aeropuerto comercial con servicios regulares que sirve convencionalmente a Estocolmo.,approved
city-q1754,ourairports-2702,true,false,2,year_round,2026-09-14,ourairports-2026-09-14,ourairports-2026-09-14,Scheduled commercial airport conventionally serving Stockholm.,Aeropuerto comercial con servicios regulares que sirve convencionalmente a Estocolmo.,approved
city-q585,ourairports-2578,true,true,1,year_round,2026-09-14,ourairports-2026-09-14,ourairports-2026-09-14,Scheduled commercial airport conventionally serving Oslo.,Aeropuerto comercial con servicios regulares que sirve convencionalmente a Oslo.,approved
city-q1757,ourairports-2307,true,true,1,year_round,2026-09-14,ourairports-2026-09-14,ourairports-2026-09-14,Scheduled commercial airport conventionally serving Helsinki.,Aeropuerto comercial con servicios regulares que sirve convencionalmente a Helsinki.,approved
city-q72,ourairports-4505,true,true,1,year_round,2026-09-14,ourairports-2026-09-14,ourairports-2026-09-14,Scheduled commercial airport conventionally serving Zurich.,Aeropuerto comercial con servicios regulares que sirve convencionalmente a Zúrich.,approved
city-q1726,ourairports-2218,true,true,1,year_round,2026-09-14,ourairports-2026-09-14,ourairports-2026-09-14,Scheduled commercial airport conventionally serving Munich.,Aeropuerto comercial con servicios regulares que sirve convencionalmente a Múnich.,approved
city-q1794,ourairports-2212,true,true,1,year_round,2026-09-14,ourairports-2026-09-14,ourairports-2026-09-14,Scheduled commercial airport conventionally serving Frankfurt.,Aeropuerto comercial con servicios regulares que sirve convencionalmente a Fráncfort.,approved
city-q1055,ourairports-2214,true,true,1,year_round,2026-09-14,ourairports-2026-09-14,ourairports-2026-09-14,Scheduled commercial airport conventionally serving Hamburg.,Aeropuerto comercial con servicios regulares que sirve convencionalmente a Hamburgo.,approved
city-q365,ourairports-2216,true,true,1,year_round,2026-09-14,ourairports-2026-09-14,ourairports-2026-09-14,Scheduled commercial airport conventionally serving Cologne.,Aeropuerto comercial con servicios regulares que sirve convencionalmente a Colonia.,approved
city-q18125,ourairports-2398,true,true,1,year_round,2026-09-14,ourairports-2026-09-14,ourairports-2026-09-14,Scheduled commercial airport conventionally serving Manchester.,Aeropuerto comercial con servicios regulares que sirve convencionalmente a Mánchester.,approved
city-q2256,ourairports-2389,true,true,1,year_round,2026-09-14,ourairports-2026-09-14,ourairports-2026-09-14,Scheduled commercial airport conventionally serving Birmingham.,Aeropuerto comercial con servicios regulares que sirve convencionalmente a Birmingham.,approved
city-q4093,ourairports-2461,true,true,1,year_round,2026-09-14,ourairports-2026-09-14,ourairports-2026-09-14,Scheduled commercial airport conventionally serving Glasgow.,Aeropuerto comercial con servicios regulares que sirve convencionalmente a Glasgow.,approved
city-q4093,ourairports-2464,true,false,2,year_round,2026-09-14,ourairports-2026-09-14,ourairports-2026-09-14,Scheduled commercial airport conventionally serving Glasgow.,Aeropuerto comercial con servicios regulares que sirve convencionalmente a Glasgow.,approved
city-q23436,ourairports-2462,true,true,1,year_round,2026-09-14,ourairports-2026-09-14,ourairports-2026-09-14,Scheduled commercial airport conventionally serving Edinburgh.,Aeropuerto comercial con servicios regulares que sirve convencionalmente a Edimburgo.,approved
city-q3711,ourairports-4610,true,true,1,year_round,2026-09-14,ourairports-2026-09-14,ourairports-2026-09-14,Scheduled commercial airport conventionally serving Belgrade.,Aeropuerto comercial con servicios regulares que sirve convencionalmente a Belgrado.,approved
city-q1435,ourairports-3993,true,true,1,year_round,2026-09-14,ourairports-2026-09-14,ourairports-2026-09-14,Scheduled commercial airport conventionally serving Zagreb.,Aeropuerto comercial con servicios regulares que sirve convencionalmente a Zagreb.,approved
city-q11194,ourairports-4469,true,true,1,year_round,2026-09-14,ourairports-2026-09-14,ourairports-2026-09-14,Scheduled commercial airport conventionally serving Sarajevo.,Aeropuerto comercial con servicios regulares que sirve convencionalmente a Sarajevo.,approved
city-q384,ourairports-4573,true,true,1,year_round,2026-09-14,ourairports-2026-09-14,ourairports-2026-09-14,Scheduled commercial airport conventionally serving Skopje.,Aeropuerto comercial con servicios regulares que sirve convencionalmente a Skopie.,approved
city-q19689,ourairports-3972,true,true,1,year_round,2026-09-14,ourairports-2026-09-14,ourairports-2026-09-14,Scheduled commercial airport conventionally serving Tirana.,Aeropuerto comercial con servicios regulares que sirve convencionalmente a Tirana.,approved
city-q85,ourairports-3183,true,true,1,year_round,2026-09-14,ourairports-2026-09-14,ourairports-2026-09-14,Scheduled commercial airport conventionally serving Cairo.,Aeropuerto comercial con servicios regulares que sirve convencionalmente a El Cairo.,approved
city-q85,ourairports-335334,true,false,2,year_round,2026-09-14,ourairports-2026-09-14,ourairports-2026-09-14,Scheduled commercial airport conventionally serving Cairo.,Aeropuerto comercial con servicios regulares que sirve convencionalmente a El Cairo.,approved
city-q8673,ourairports-2118,true,true,1,year_round,2026-09-14,ourairports-2026-09-14,ourairports-2026-09-14,Scheduled commercial airport conventionally serving Lagos.,Aeropuerto comercial con servicios regulares que sirve convencionalmente a Lagos.,approved
city-q3838,ourairports-3040,true,true,1,year_round,2026-09-14,ourairports-2026-09-14,ourairports-2026-09-14,Scheduled commercial airport conventionally serving Kinshasa.,Aeropuerto comercial con servicios regulares que sirve convencionalmente a Kinsasa.,approved
city-q34647,ourairports-31055,true,true,1,year_round,2026-09-14,ourairports-2026-09-14,ourairports-2026-09-14,Scheduled commercial airport conventionally serving Johannesburg.,Aeropuerto comercial con servicios regulares que sirve convencionalmente a Johannesburgo.,approved
city-q34647,ourairports-2800,true,false,2,year_round,2026-09-14,ourairports-2026-09-14,ourairports-2026-09-14,Scheduled commercial airport conventionally serving Johannesburg.,Aeropuerto comercial con servicios regulares que sirve convencionalmente a Johannesburgo.,approved
city-q3897,ourairports-2942,true,true,1,year_round,2026-09-14,ourairports-2026-09-14,ourairports-2026-09-14,Scheduled commercial airport conventionally serving Luanda.,Aeropuerto comercial con servicios regulares que sirve convencionalmente a Luanda.,approved
city-q1963,ourairports-3249,true,true,1,year_round,2026-09-14,ourairports-2026-09-14,ourairports-2026-09-14,Scheduled commercial airport conventionally serving Khartoum.,Aeropuerto comercial con servicios regulares que sirve convencionalmente a Jartum.,approved
city-q1960,ourairports-3251,true,true,1,year_round,2026-09-14,ourairports-2026-09-14,ourairports-2026-09-14,Scheduled commercial airport conventionally serving Dar es Salaam.,Aeropuerto comercial con servicios regulares que sirve convencionalmente a Dar es-Salam.,approved
city-q87,ourairports-3180,true,true,1,year_round,2026-09-14,ourairports-2026-09-14,ourairports-2026-09-14,Scheduled commercial airport conventionally serving Alexandria.,Aeropuerto comercial con servicios regulares que sirve convencionalmente a Alejandría.,approved
city-q1515,ourairports-2096,true,true,1,year_round,2026-09-14,ourairports-2026-09-14,ourairports-2026-09-14,Scheduled commercial airport conventionally serving Abidjan.,Aeropuerto comercial con servicios regulares que sirve convencionalmente a Abiyán.,approved
city-q3870,ourairports-3206,true,true,1,year_round,2026-09-14,ourairports-2026-09-14,ourairports-2026-09-14,Scheduled commercial airport conventionally serving Nairobi.,Aeropuerto comercial con servicios regulares que sirve convencionalmente a Nairobi.,approved
city-q3870,ourairports-3215,true,false,2,year_round,2026-09-14,ourairports-2026-09-14,ourairports-2026-09-14,Scheduled commercial airport conventionally serving Nairobi.,Aeropuerto comercial con servicios regulares que sirve convencionalmente a Nairobi.,approved
city-q7903,ourairports-3113,true,true,1,year_round,2026-09-14,ourairports-2026-09-14,ourairports-2026-09-14,Scheduled commercial airport conventionally serving Casablanca.,Aeropuerto comercial con servicios regulares que sirve convencionalmente a Casablanca.,approved
city-q3761,ourairports-2090,true,true,1,year_round,2026-09-14,ourairports-2026-09-14,ourairports-2026-09-14,Scheduled commercial airport conventionally serving Accra.,Aeropuerto comercial con servicios regulares que sirve convencionalmente a Acra.,approved
city-q3624,ourairports-3157,true,true,1,year_round,2026-09-14,ourairports-2026-09-14,ourairports-2026-09-14,Scheduled commercial airport conventionally serving Addis Ababa.,Aeropuerto comercial con servicios regulares que sirve convencionalmente a Adís Abeba.,approved
city-q3718,ourairports-325736,true,true,1,year_round,2026-09-14,ourairports-2026-09-14,ourairports-2026-09-14,Scheduled commercial airport conventionally serving Dakar.,Aeropuerto comercial con servicios regulares que sirve convencionalmente a Dakar.,approved
city-q3894,ourairports-3263,true,true,1,year_round,2026-09-14,ourairports-2026-09-14,ourairports-2026-09-14,Scheduled commercial airport conventionally serving Kampala.,Aeropuerto comercial con servicios regulares que sirve convencionalmente a Kampala.,approved
city-q3889,ourairports-2975,true,true,1,year_round,2026-09-14,ourairports-2026-09-14,ourairports-2026-09-14,Scheduled commercial airport conventionally serving Maputo.,Aeropuerto comercial con servicios regulares que sirve convencionalmente a Maputo.,approved
city-q3561,ourairports-2050,true,true,1,year_round,2026-09-14,ourairports-2026-09-14,ourairports-2026-09-14,Scheduled commercial airport conventionally serving Algiers.,Aeropuerto comercial con servicios regulares que sirve convencionalmente a Argel.,approved
city-q3572,ourairports-2133,true,true,1,year_round,2026-09-14,ourairports-2026-09-14,ourairports-2026-09-14,Scheduled commercial airport conventionally serving Tunis.,Aeropuerto comercial con servicios regulares que sirve convencionalmente a Túnez.,approved
city-q3551,ourairports-3109,true,true,1,year_round,2026-09-14,ourairports-2026-09-14,ourairports-2026-09-14,Scheduled commercial airport conventionally serving Rabat.,Aeropuerto comercial con servicios regulares que sirve convencionalmente a Rabat.,approved
city-q3921,ourairports-3005,true,true,1,year_round,2026-09-14,ourairports-2026-09-14,ourairports-2026-09-14,Scheduled commercial airport conventionally serving Harare.,Aeropuerto comercial con servicios regulares que sirve convencionalmente a Harare.,approved
city-q3881,ourairports-2894,true,true,1,year_round,2026-09-14,ourairports-2026-09-14,ourairports-2026-09-14,Scheduled commercial airport conventionally serving Lusaka.,Aeropuerto comercial con servicios regulares que sirve convencionalmente a Lusaka.,approved
city-q3919,ourairports-2864,true,true,1,year_round,2026-09-14,ourairports-2026-09-14,ourairports-2026-09-14,Scheduled commercial airport conventionally serving Gaborone.,Aeropuerto comercial con servicios regulares que sirve convencionalmente a Gaborone.,approved
city-q3935,ourairports-3039,true,true,1,year_round,2026-09-14,ourairports-2026-09-14,ourairports-2026-09-14,Scheduled commercial airport conventionally serving Windhoek.,Aeropuerto comercial con servicios regulares que sirve convencionalmente a Windhoek.,approved
city-q3915,ourairports-2908,true,true,1,year_round,2026-09-14,ourairports-2026-09-14,ourairports-2026-09-14,Scheduled commercial airport conventionally serving Antananarivo.,Aeropuerto comercial con servicios regulares que sirve convencionalmente a Antananarivo.,approved
city-q3929,ourairports-2878,true,true,1,year_round,2026-09-14,ourairports-2026-09-14,ourairports-2026-09-14,Scheduled commercial airport conventionally serving Port Louis.,Aeropuerto comercial con servicios regulares que sirve convencionalmente a Port Louis.,approved
city-q60,ourairports-3622,true,true,1,year_round,2026-09-14,ourairports-2026-09-14,ourairports-2026-09-14,Scheduled commercial airport conventionally serving New York City.,Aeropuerto comercial con servicios regulares que sirve convencionalmente a Nueva York.,approved
city-q60,ourairports-3643,true,false,2,year_round,2026-09-14,ourairports-2026-09-14,ourairports-2026-09-14,Scheduled commercial airport conventionally serving New York City.,Aeropuerto comercial con servicios regulares que sirve convencionalmente a Nueva York.,approved
city-q60,ourairports-3521,true,false,3,year_round,2026-09-14,ourairports-2026-09-14,ourairports-2026-09-14,Scheduled commercial airport conventionally serving New York City.,Aeropuerto comercial con servicios regulares que sirve convencionalmente a Nueva York.,approved
city-q65,ourairports-3632,true,true,1,year_round,2026-09-14,ourairports-2026-09-14,ourairports-2026-09-14,Scheduled commercial airport conventionally serving Los Angeles.,Aeropuerto comercial con servicios regulares que sirve convencionalmente a Los Ángeles.,approved
city-q65,ourairports-3432,true,false,2,year_round,2026-09-14,ourairports-2026-09-14,ourairports-2026-09-14,Scheduled commercial airport conventionally serving Los Angeles.,Aeropuerto comercial con servicios regulares que sirve convencionalmente a Los Ángeles.,approved
city-q65,ourairports-3894,true,false,3,year_round,2026-09-14,ourairports-2026-09-14,ourairports-2026-09-14,Scheduled commercial airport conventionally serving Los Angeles.,Aeropuerto comercial con servicios regulares que sirve convencionalmente a Los Ángeles.,approved
city-q65,ourairports-3752,true,false,4,year_round,2026-09-14,ourairports-2026-09-14,ourairports-2026-09-14,Scheduled commercial airport conventionally serving Los Angeles.,Aeropuerto comercial con servicios regulares que sirve convencionalmente a Los Ángeles.,approved
city-q1297,ourairports-3754,true,true,1,year_round,2026-09-14,ourairports-2026-09-14,ourairports-2026-09-14,Scheduled commercial airport conventionally serving Chicago.,Aeropuerto comercial con servicios regulares que sirve convencionalmente a Chicago.,approved
city-q1297,ourairports-3673,true,false,2,year_round,2026-09-14,ourairports-2026-09-14,ourairports-2026-09-14,Scheduled commercial airport conventionally serving Chicago.,Aeropuerto comercial con servicios regulares que sirve convencionalmente a Chicago.,approved
city-q16557,ourairports-3488,true,true,1,year_round,2026-09-14,ourairports-2026-09-14,ourairports-2026-09-14,Scheduled commercial airport conventionally serving Dallas.,Aeropuerto comercial con servicios regulares que sirve convencionalmente a Dallas.,approved
city-q16557,ourairports-3479,true,false,2,year_round,2026-09-14,ourairports-2026-09-14,ourairports-2026-09-14,Scheduled commercial airport conventionally serving Dallas.,Aeropuerto comercial con servicios regulares que sirve convencionalmente a Dallas.,approved
city-q16555,ourairports-3604,true,true,1,year_round,2026-09-14,ourairports-2026-09-14,ourairports-2026-09-14,Scheduled commercial airport conventionally serving Houston.,Aeropuerto comercial con servicios regulares que sirve convencionalmente a Houston.,approved
city-q16555,ourairports-3588,true,false,2,year_round,2026-09-14,ourairports-2026-09-14,ourairports-2026-09-14,Scheduled commercial airport conventionally serving Houston.,Aeropuerto comercial con servicios regulares que sirve convencionalmente a Houston.,approved
city-q61,ourairports-3602,true,true,1,year_round,2026-09-14,ourairports-2026-09-14,ourairports-2026-09-14,"Scheduled commercial airport conventionally serving Washington, D.C..",Aeropuerto comercial con servicios regulares que sirve convencionalmente a Washington D. C..,approved
city-q61,ourairports-3483,true,false,2,year_round,2026-09-14,ourairports-2026-09-14,ourairports-2026-09-14,"Scheduled commercial airport conventionally serving Washington, D.C..",Aeropuerto comercial con servicios regulares que sirve convencionalmente a Washington D. C..,approved
city-q61,ourairports-3435,true,false,3,year_round,2026-09-14,ourairports-2026-09-14,ourairports-2026-09-14,"Scheduled commercial airport conventionally serving Washington, D.C..",Aeropuerto comercial con servicios regulares que sirve convencionalmente a Washington D. C..,approved
city-q8652,ourairports-3685,true,true,1,year_round,2026-09-14,ourairports-2026-09-14,ourairports-2026-09-14,Scheduled commercial airport conventionally serving Miami.,Aeropuerto comercial con servicios regulares que sirve convencionalmente a Miami.,approved
city-q8652,ourairports-3531,true,false,2,year_round,2026-09-14,ourairports-2026-09-14,ourairports-2026-09-14,Scheduled commercial airport conventionally serving Miami.,Aeropuerto comercial con servicios regulares que sirve convencionalmente a Miami.,approved
city-q23556,ourairports-3384,true,true,1,year_round,2026-09-14,ourairports-2026-09-14,ourairports-2026-09-14,Scheduled commercial airport conventionally serving Atlanta.,Aeropuerto comercial con servicios regulares que sirve convencionalmente a Atlanta.,approved
city-q100,ourairports-3422,true,true,1,year_round,2026-09-14,ourairports-2026-09-14,ourairports-2026-09-14,Scheduled commercial airport conventionally serving Boston.,Aeropuerto comercial con servicios regulares que sirve convencionalmente a Boston.,approved
city-q62,ourairports-3878,true,true,1,year_round,2026-09-14,ourairports-2026-09-14,ourairports-2026-09-14,Scheduled commercial airport conventionally serving San Francisco.,Aeropuerto comercial con servicios regulares que sirve convencionalmente a San Francisco.,approved
city-q62,ourairports-3744,true,false,2,year_round,2026-09-14,ourairports-2026-09-14,ourairports-2026-09-14,Scheduled commercial airport conventionally serving San Francisco.,Aeropuerto comercial con servicios regulares que sirve convencionalmente a San Francisco.,approved
city-q62,ourairports-3883,true,false,3,year_round,2026-09-14,ourairports-2026-09-14,ourairports-2026-09-14,Scheduled commercial airport conventionally serving San Francisco.,Aeropuerto comercial con servicios regulares que sirve convencionalmente a San Francisco.,approved
city-q5083,ourairports-3875,true,true,1,year_round,2026-09-14,ourairports-2026-09-14,ourairports-2026-09-14,Scheduled commercial airport conventionally serving Seattle.,Aeropuerto comercial con servicios regulares que sirve convencionalmente a Seattle.,approved
city-q1345,ourairports-3771,true,true,1,year_round,2026-09-14,ourairports-2026-09-14,ourairports-2026-09-14,Scheduled commercial airport conventionally serving Philadelphia.,Aeropuerto comercial con servicios regulares que sirve convencionalmente a Filadelfia.,approved
city-q172,ourairports-1990,true,true,1,year_round,2026-09-14,ourairports-2026-09-14,ourairports-2026-09-14,Scheduled commercial airport conventionally serving Toronto.,Aeropuerto comercial con servicios regulares que sirve convencionalmente a Toronto.,approved
city-q172,ourairports-1926,true,false,2,year_round,2026-09-14,ourairports-2026-09-14,ourairports-2026-09-14,Scheduled commercial airport conventionally serving Toronto.,Aeropuerto comercial con servicios regulares que sirve convencionalmente a Toronto.,approved
city-q340,ourairports-1928,true,true,1,year_round,2026-09-14,ourairports-2026-09-14,ourairports-2026-09-14,Scheduled commercial airport conventionally serving Montreal.,Aeropuerto comercial con servicios regulares que sirve convencionalmente a Montreal.,approved
city-q24639,ourairports-1941,true,true,1,year_round,2026-09-14,ourairports-2026-09-14,ourairports-2026-09-14,Scheduled commercial airport conventionally serving Vancouver.,Aeropuerto comercial con servicios regulares que sirve convencionalmente a Vancouver.,approved
city-q1489,ourairports-4731,true,true,1,year_round,2026-09-14,ourairports-2026-09-14,ourairports-2026-09-14,Scheduled commercial airport conventionally serving Mexico City.,Aeropuerto comercial con servicios regulares que sirve convencionalmente a Ciudad de México.,approved
city-q1489,ourairports-31923,true,false,2,year_round,2026-09-14,ourairports-2026-09-14,ourairports-2026-09-14,Scheduled commercial airport conventionally serving Mexico City.,Aeropuerto comercial con servicios regulares que sirve convencionalmente a Ciudad de México.,approved
city-q11953,ourairports-4710,true,true,1,year_round,2026-09-14,ourairports-2026-09-14,ourairports-2026-09-14,Scheduled commercial airport conventionally serving Guadalajara.,Aeropuerto comercial con servicios regulares que sirve convencionalmente a Guadalajara.,approved
city-q81033,ourairports-4732,true,true,1,year_round,2026-09-14,ourairports-2026-09-14,ourairports-2026-09-14,Scheduled commercial airport conventionally serving Monterrey.,Aeropuerto comercial con servicios regulares que sirve convencionalmente a Monterrey.,approved
city-q1563,ourairports-4839,true,true,1,year_round,2026-09-14,ourairports-2026-09-14,ourairports-2026-09-14,Scheduled commercial airport conventionally serving Havana.,Aeropuerto comercial con servicios regulares que sirve convencionalmente a La Habana.,approved
city-q3306,ourairports-4793,true,true,1,year_round,2026-09-14,ourairports-2026-09-14,ourairports-2026-09-14,Scheduled commercial airport conventionally serving Panama City.,Aeropuerto comercial con servicios regulares que sirve convencionalmente a Ciudad de Panamá.,approved
city-q3306,ourairports-4791,true,false,2,year_round,2026-09-14,ourairports-2026-09-14,ourairports-2026-09-14,Scheduled commercial airport conventionally serving Panama City.,Aeropuerto comercial con servicios regulares que sirve convencionalmente a Ciudad de Panamá.,approved
city-q174,ourairports-5910,true,true,1,year_round,2026-09-14,ourairports-2026-09-14,ourairports-2026-09-14,Scheduled commercial airport conventionally serving São Paulo.,Aeropuerto comercial con servicios regulares que sirve convencionalmente a São Paulo.,approved
city-q174,ourairports-5974,true,false,2,year_round,2026-09-14,ourairports-2026-09-14,ourairports-2026-09-14,Scheduled commercial airport conventionally serving São Paulo.,Aeropuerto comercial con servicios regulares que sirve convencionalmente a São Paulo.,approved
city-q174,ourairports-5927,true,false,3,year_round,2026-09-14,ourairports-2026-09-14,ourairports-2026-09-14,Scheduled commercial airport conventionally serving São Paulo.,Aeropuerto comercial con servicios regulares que sirve convencionalmente a São Paulo.,approved
city-q1486,ourairports-5781,true,true,1,year_round,2026-09-14,ourairports-2026-09-14,ourairports-2026-09-14,Scheduled commercial airport conventionally serving Buenos Aires.,Aeropuerto comercial con servicios regulares que sirve convencionalmente a Buenos Aires.,approved
city-q1486,ourairports-5771,true,false,2,year_round,2026-09-14,ourairports-2026-09-14,ourairports-2026-09-14,Scheduled commercial airport conventionally serving Buenos Aires.,Aeropuerto comercial con servicios regulares que sirve convencionalmente a Buenos Aires.,approved
city-q8678,ourairports-5906,true,true,1,year_round,2026-09-14,ourairports-2026-09-14,ourairports-2026-09-14,Scheduled commercial airport conventionally serving Rio de Janeiro.,Aeropuerto comercial con servicios regulares que sirve convencionalmente a Río de Janeiro.,approved
city-q8678,ourairports-5967,true,false,2,year_round,2026-09-14,ourairports-2026-09-14,ourairports-2026-09-14,Scheduled commercial airport conventionally serving Rio de Janeiro.,Aeropuerto comercial con servicios regulares que sirve convencionalmente a Río de Janeiro.,approved
city-q2868,ourairports-6217,true,true,1,year_round,2026-09-14,ourairports-2026-09-14,ourairports-2026-09-14,Scheduled commercial airport conventionally serving Lima.,Aeropuerto comercial con servicios regulares que sirve convencionalmente a Lima.,approved
city-q2841,ourairports-6104,true,true,1,year_round,2026-09-14,ourairports-2026-09-14,ourairports-2026-09-14,Scheduled commercial airport conventionally serving Bogotá.,Aeropuerto comercial con servicios regulares que sirve convencionalmente a Bogotá.,approved
city-q2887,ourairports-6015,true,true,1,year_round,2026-09-14,ourairports-2026-09-14,ourairports-2026-09-14,Scheduled commercial airport conventionally serving Santiago.,Aeropuerto comercial con servicios regulares que sirve convencionalmente a Santiago.,approved
city-q1533,ourairports-6300,true,true,1,year_round,2026-09-14,ourairports-2026-09-14,ourairports-2026-09-14,Scheduled commercial airport conventionally serving Caracas.,Aeropuerto comercial con servicios regulares que sirve convencionalmente a Caracas.,approved
city-q42800,ourairports-5882,true,true,1,year_round,2026-09-14,ourairports-2026-09-14,ourairports-2026-09-14,Scheduled commercial airport conventionally serving Belo Horizonte.,Aeropuerto comercial con servicios regulares que sirve convencionalmente a Belo Horizonte.,approved
city-q42800,ourairports-5869,true,false,2,year_round,2026-09-14,ourairports-2026-09-14,ourairports-2026-09-14,Scheduled commercial airport conventionally serving Belo Horizonte.,Aeropuerto comercial con servicios regulares que sirve convencionalmente a Belo Horizonte.,approved
city-q2844,ourairports-5872,true,true,1,year_round,2026-09-14,ourairports-2026-09-14,ourairports-2026-09-14,Scheduled commercial airport conventionally serving Brasília.,Aeropuerto comercial con servicios regulares que sirve convencionalmente a Brasilia.,approved
city-q36947,ourairports-5977,true,true,1,year_round,2026-09-14,ourairports-2026-09-14,ourairports-2026-09-14,Scheduled commercial airport conventionally serving Salvador.,Aeropuerto comercial con servicios regulares que sirve convencionalmente a Salvador de Bahía.,approved
city-q48344,ourairports-5965,true,true,1,year_round,2026-09-14,ourairports-2026-09-14,ourairports-2026-09-14,Scheduled commercial airport conventionally serving Recife.,Aeropuerto comercial con servicios regulares que sirve convencionalmente a Recife.,approved
city-q48278,ourairports-6158,true,true,1,year_round,2026-09-14,ourairports-2026-09-14,ourairports-2026-09-14,Scheduled commercial airport conventionally serving Medellín.,Aeropuerto comercial con servicios regulares que sirve convencionalmente a Medellín.,approved
city-q48278,ourairports-6132,true,false,2,year_round,2026-09-14,ourairports-2026-09-14,ourairports-2026-09-14,Scheduled commercial airport conventionally serving Medellín.,Aeropuerto comercial con servicios regulares que sirve convencionalmente a Medellín.,approved
city-q2900,ourairports-308273,true,true,1,year_round,2026-09-14,ourairports-2026-09-14,ourairports-2026-09-14,Scheduled commercial airport conventionally serving Quito.,Aeropuerto comercial con servicios regulares que sirve convencionalmente a Quito.,approved
city-q43509,ourairports-6056,true,true,1,year_round,2026-09-14,ourairports-2026-09-14,ourairports-2026-09-14,Scheduled commercial airport conventionally serving Guayaquil.,Aeropuerto comercial con servicios regulares que sirve convencionalmente a Guayaquil.,approved
city-q1335,ourairports-6247,true,true,1,year_round,2026-09-14,ourairports-2026-09-14,ourairports-2026-09-14,Scheduled commercial airport conventionally serving Montevideo.,Aeropuerto comercial con servicios regulares que sirve convencionalmente a Montevideo.,approved
city-q3130,ourairports-27145,true,true,1,year_round,2026-09-14,ourairports-2026-09-14,ourairports-2026-09-14,Scheduled commercial airport conventionally serving Sydney.,Aeropuerto comercial con servicios regulares que sirve convencionalmente a Sídney.,approved
city-q3141,ourairports-27066,true,true,1,year_round,2026-09-14,ourairports-2026-09-14,ourairports-2026-09-14,Scheduled commercial airport conventionally serving Melbourne.,Aeropuerto comercial con servicios regulares que sirve convencionalmente a Melbourne.,approved
city-q3141,ourairports-27043,true,false,2,year_round,2026-09-14,ourairports-2026-09-14,ourairports-2026-09-14,Scheduled commercial airport conventionally serving Melbourne.,Aeropuerto comercial con servicios regulares que sirve convencionalmente a Melbourne.,approved
city-q34932,ourairports-26901,true,true,1,year_round,2026-09-14,ourairports-2026-09-14,ourairports-2026-09-14,Scheduled commercial airport conventionally serving Brisbane.,Aeropuerto comercial con servicios regulares que sirve convencionalmente a Brisbane.,approved
city-q3183,ourairports-27119,true,true,1,year_round,2026-09-14,ourairports-2026-09-14,ourairports-2026-09-14,Scheduled commercial airport conventionally serving Perth.,Aeropuerto comercial con servicios regulares que sirve convencionalmente a Perth.,approved
city-q5112,ourairports-27096,true,true,1,year_round,2026-09-14,ourairports-2026-09-14,ourairports-2026-09-14,Scheduled commercial airport conventionally serving Adelaide.,Aeropuerto comercial con servicios regulares que sirve convencionalmente a Adelaida.,approved
city-q37100,ourairports-5023,true,true,1,year_round,2026-09-14,ourairports-2026-09-14,ourairports-2026-09-14,Scheduled commercial airport conventionally serving Auckland.,Aeropuerto comercial con servicios regulares que sirve convencionalmente a Auckland.,approved
city-q23661,ourairports-5063,true,true,1,year_round,2026-09-14,ourairports-2026-09-14,ourairports-2026-09-14,Scheduled commercial airport conventionally serving Wellington.,Aeropuerto comercial con servicios regulares que sirve convencionalmente a Wellington.,approved
city-q79990,ourairports-5026,true,true,1,year_round,2026-09-14,ourairports-2026-09-14,ourairports-2026-09-14,Scheduled commercial airport conventionally serving Christchurch.,Aeropuerto comercial con servicios regulares que sirve convencionalmente a Christchurch.,approved
city-q18094,ourairports-5453,true,true,1,year_round,2026-09-14,ourairports-2026-09-14,ourairports-2026-09-14,Scheduled commercial airport conventionally serving Honolulu.,Aeropuerto comercial con servicios regulares que sirve convencionalmente a Honolulú.,approved
city-q38807,ourairports-4960,true,true,1,year_round,2026-09-14,ourairports-2026-09-14,ourairports-2026-09-14,Scheduled commercial airport conventionally serving Suva.,Aeropuerto comercial con servicios regulares que sirve convencionalmente a Suva.,approved
