tower_id,tower_name,tower_name_es,latitude,longitude,height_m,height_basis,tower_type,completed_year,completion_status,coordinate_source_id,height_source_id
wikidata-q183536,Tokyo Tower,Tokyo Tower,35.658611111111114,139.74555555555557,332.6,structural_tip,vertical_landmark,1958,completed,wikidata-q183536,wikidata-q183536
wikidata-q57965,Tokyo Skytree,Tokyo Skytree,35.710055555,139.810722222,634,structural_tip,building_or_freestanding_tower,2012,completed,wikidata-q57965,wikidata-q57965
wikidata-q187635,Qutb Minar,Qutb Minar,28.524355,77.185248,72.5,structural_tip,building_or_freestanding_tower,1900,completed,wikidata-q187635,wikidata-q187635
wikidata-q223207,Oriental Pearl Tower,Oriental Pearl Tower,31.241669444444,121.49471666667,468,structural_tip,vertical_landmark,1998,completed,wikidata-q223207,wikidata-q223207
wikidata-q18547,Shanghai Tower,Shanghai Tower,31.2355,121.501,632,structural_tip,building_or_freestanding_tower,2014,completed,wikidata-q18547,wikidata-q18547
wikidata-q497536,Jatiya Sangsad Bhaban,Jatiya Sangsad Bhaban,23.762222222,90.378611111,155,structural_tip,building_or_freestanding_tower,1982,completed,wikidata-q497536,wikidata-q497536
wikidata-q197833,China Zun,China Zun,39.911388888,116.460277777,528,structural_tip,building_or_freestanding_tower,1900,completed,wikidata-q197833,wikidata-q197833
wikidata-q7285587,Rajabai Clock Tower,Rajabai Clock Tower,18.92964,72.82999,85.34400000000001,structural_tip,vertical_landmark,1878,completed,wikidata-q7285587,wikidata-q7285587
wikidata-q98937711,Three Sixty West Tower B,Three Sixty West Tower B,19.01097,72.82335,361.2,structural_tip,building_or_freestanding_tower,1900,completed,wikidata-q98937711,wikidata-q98937711
wikidata-q1148463,Tsūtenkaku,Tsūtenkaku,34.65222222222222,135.50611111111112,108,structural_tip,vertical_landmark,1956,completed,wikidata-q1148463,wikidata-q1148463
wikidata-q16318627,Abeno Harukas,Abeno Harukas,34.645947222,135.514266666,300,structural_tip,building_or_freestanding_tower,2014,completed,wikidata-q16318627,wikidata-q16318627
wikidata-q2571455,Mazar-e-Quaid,Mazar-e-Quaid,24.875277777778,67.040833333333,43,structural_tip,vertical_landmark,1970,completed,wikidata-q2571455,pakistan-tourism-mazar
wikidata-q7076089,Ocean Towers,Ocean Towers,24.829444444,67.035555555,120,structural_tip,building_or_freestanding_tower,1900,completed,wikidata-q7076089,wikidata-q7076089
wikidata-q1666430,International Commerce Center 1,International Commerce Center 1,29.55315,106.513725,458,structural_tip,building_or_freestanding_tower,1900,completed,wikidata-q1666430,wikidata-q1666430
wikidata-q91274,Galata Tower,Galata Tower,41.02563232486636,28.974153190722507,62.59,structural_tip,vertical_landmark,1349,completed,wikidata-q91274,wikidata-q91274
wikidata-q131388493,CBRT Tower,CBRT Tower,41.002,29.11048,354,structural_tip,building_or_freestanding_tower,1900,completed,wikidata-q131388493,wikidata-q131388493
wikidata-q7711913,The 42,The 42,22.54835,88.34975,260,structural_tip,building_or_freestanding_tower,1900,completed,wikidata-q7711913,wikidata-q7711913
wikidata-q1461,Manila,Manila,14.595833333333333,120.97722222222222,50,structural_tip,building_or_freestanding_tower,1571,completed,wikidata-q1461,wikidata-q1461
wikidata-q168400,Canton Tower,Canton Tower,23.1092,113.319147222,600,structural_tip,building_or_freestanding_tower,2010,completed,wikidata-q168400,wikidata-q168400
wikidata-q1353260,Tianjin Radio and Television Tower,Tianjin Radio and Television Tower,39.091944444444,117.175,415.2,structural_tip,vertical_landmark,1991,completed,wikidata-q1353260,wikidata-q1353260
wikidata-q10939987,Tianjin Chow Tai Fook Binhai Center,Tianjin Chow Tai Fook Binhai Center,39.021380555,117.698461111,530,structural_tip,building_or_freestanding_tower,1900,completed,wikidata-q10939987,wikidata-q10939987
wikidata-q996962,Minar-e-Pakistan,Minar-e-Pakistan,31.5925,74.30944,62,structural_tip,vertical_landmark,1968,completed,wikidata-q996962,wikidata-q996962
wikidata-q7639954,Suneri Mosque,Suneri Mosque,31.583083,74.319616,54,structural_tip,building_or_freestanding_tower,1900,completed,wikidata-q7639954,wikidata-q7639954
wikidata-q283257,Vidhana Soudha,Vidhana Soudha,12.979693,77.590658,45.72,structural_tip,vertical_landmark,1956,completed,wikidata-q283257,karnataka-vidhana
wikidata-q126710631,Shrungagiri Sri Shanmukha Swamy Temple,Shrungagiri Sri Shanmukha Swamy Temple,12.912630555,77.529088888,37.4904738,structural_tip,building_or_freestanding_tower,1900,completed,wikidata-q126710631,wikidata-q126710631
wikidata-q1077308,Ping An Finance Centre,Ping An Finance Centre,22.536666666,114.050277777,599.05,structural_tip,building_or_freestanding_tower,2017,completed,wikidata-q1077308,wikidata-q1077308
wikidata-q2509435,Valluvar Kottam,Valluvar Kottam,13.05444444,80.24166667,39,structural_tip,vertical_landmark,1976,completed,wikidata-q2509435,incredible-india-valluvar
wikidata-q6546309,Chennai Lighthouse,Chennai Lighthouse,13.0396,80.2795,45.72,structural_tip,building_or_freestanding_tower,1900,completed,wikidata-q6546309,wikidata-q6546309
wikidata-q30686870,Thamrin Nine,Thamrin Nine,-6.19914,106.82263,382.9,structural_tip,building_or_freestanding_tower,1900,completed,wikidata-q30686870,wikidata-q30686870
wikidata-q724970,Wat Arun,Wat Arun,13.743688888888888,100.48891944444445,66.8,structural_tip,vertical_landmark,1656,completed,wikidata-q724970,tat-wat-arun
wikidata-q1640197,King Power Mahanakhon,King Power Mahanakhon,13.723611111,100.528333333,314,structural_tip,building_or_freestanding_tower,2016,completed,wikidata-q1640197,wikidata-q1640197
wikidata-q1771696,Charminar,Charminar,17.36160692,78.47465723,48.7,structural_tip,building_or_freestanding_tower,1900,completed,wikidata-q1771696,wikidata-q1771696
wikidata-q69134,Namsan Seoul Tower,Namsan Seoul Tower,37.551216,126.988276,236.83,structural_tip,vertical_landmark,1980,completed,wikidata-q69134,wikidata-q69134
wikidata-q494895,Lotte World Tower,Lotte World Tower,37.5125,127.1025,555.7,structural_tip,building_or_freestanding_tower,2017,completed,wikidata-q494895,wikidata-q494895
wikidata-q283373,Nagoya TV Tower,Nagoya TV Tower,35.172381,136.908403,180,structural_tip,vertical_landmark,1954,completed,wikidata-q283373,wikidata-q283373
wikidata-q1155401,Midland Square,Midland Square,35.17055556,136.885,247,structural_tip,building_or_freestanding_tower,2007,completed,wikidata-q1155401,wikidata-q1155401
wikidata-q1140026,Azadi Tower,Azadi Tower,35.69972222222222,51.338055555555556,45,structural_tip,vertical_landmark,1971,completed,wikidata-q1140026,wikidata-q1140026
wikidata-q622796,Milad Tower,Milad Tower,35.744611111,51.375333333,435,structural_tip,building_or_freestanding_tower,2008,completed,wikidata-q622796,wikidata-q622796
wikidata-q2118734,West Pearl Tower,West Pearl Tower,30.66444,104.09222,339,structural_tip,freestanding_tower,2004,completed,wikidata-q2118734,ctbuh-west-pearl
wikidata-q18589922,Chengdu Greenland Tower,Chengdu Greenland Tower,30.60678,104.1543,468,structural_tip,building_or_freestanding_tower,1900,completed,wikidata-q18589922,wikidata-q18589922
wikidata-q382121,Zifeng Tower,Zifeng Tower,32.062472222,118.778055555,450,structural_tip,building_or_freestanding_tower,2010,completed,wikidata-q382121,wikidata-q382121
wikidata-q462372,Tower of the Yellow Crane,Tower of the Yellow Crane,30.54694444,114.29694444,51.4,structural_tip,vertical_landmark,1985,completed,wikidata-q462372,wuhan-yellow-crane
wikidata-q143235,Wuhan Greenland Center,Wuhan Greenland Center,30.585941666,114.317475,475.6,structural_tip,building_or_freestanding_tower,2023,completed,wikidata-q143235,wikidata-q143235
wikidata-q638512,Bitexco Financial Tower,Bitexco Financial Tower,10.771666666667,106.70444444444,265.5,structural_tip,vertical_landmark,2010,completed,wikidata-q638512,wikidata-q638512
wikidata-q18640924,Landmark 81,Landmark 81,10.795,106.721944444,461.5,structural_tip,building_or_freestanding_tower,2018,completed,wikidata-q18640924,wikidata-q18640924
wikidata-q83063,Petronas Towers,Petronas Towers,3.1577777777777776,101.71166666666667,452.01840000000004,structural_tip,vertical_landmark,1999,completed,wikidata-q83063,wikidata-q83063
wikidata-q7969454,Merdeka 118,Merdeka 118,3.141666666,101.700722222,678.9,structural_tip,building_or_freestanding_tower,2023,completed,wikidata-q7969454,wikidata-q7969454
wikidata-q1047061,Giant Wild Goose Pagoda,Giant Wild Goose Pagoda,34.219769,108.959335,50,structural_tip,vertical_landmark,648,completed,wikidata-q1047061,wikidata-q1047061
wikidata-q99208458,China International Silk Road Center,China International Silk Road Center,34.2599,108.7667,498,structural_tip,building_or_freestanding_tower,1900,completed,wikidata-q99208458,wikidata-q99208458
wikidata-q1070,Ahmedabad,Ahmedabad,23.021944444444443,72.57972222222222,50,structural_tip,building_or_freestanding_tower,1411,completed,wikidata-q1070,wikidata-q1070
wikidata-q317034,International Commerce Centre,International Commerce Centre,22.303391666,114.160169444,484,structural_tip,building_or_freestanding_tower,2010,completed,wikidata-q317034,wikidata-q317034
wikidata-q548679,Marina Bay Sands,Marina Bay Sands,1.2825,103.86,206.9,structural_tip,vertical_landmark,2010,completed,wikidata-q548679,ctbuh-marina-bay
wikidata-q28873239,Guoco Tower,Guoco Tower,1.2771,103.8461,290,structural_tip,building_or_freestanding_tower,1900,completed,wikidata-q28873239,wikidata-q28873239
wikidata-q1407266,Baghdad Tower,Baghdad Tower,33.30333333333333,44.35416666666667,205,structural_tip,vertical_landmark,1994,completed,wikidata-q1407266,wikidata-q1407266
wikidata-q100258244,Central Bank of Iraq Tower,Central Bank of Iraq Tower,33.288972222,44.3845,421,structural_tip,building_or_freestanding_tower,1900,completed,wikidata-q100258244,wikidata-q100258244
wikidata-q656743,Kingdom Centre,Kingdom Centre,24.711389,46.674444,302,structural_tip,vertical_landmark,2000,completed,wikidata-q656743,wikidata-q656743
wikidata-q13892708,Capital Market Authority Headquarters,Capital Market Authority Headquarters,24.76277778,46.64027778,385,structural_tip,building_or_freestanding_tower,2016,completed,wikidata-q13892708,wikidata-q13892708
wikidata-q12495,Burj Khalifa,Burj Khalifa,25.197222222,55.274166666,829.8,structural_tip,building_or_freestanding_tower,2010,completed,wikidata-q12495,wikidata-q12495
wikidata-q737602,Aspire Tower,Aspire Tower,25.26247222222222,51.44483333333333,300,structural_tip,vertical_landmark,2000,completed,wikidata-q737602,wikidata-q737602
wikidata-q1128296,Doha Convention Center Tower,Doha Convention Center Tower,25.32296,51.53157,570,structural_tip,building_or_freestanding_tower,1900,completed,wikidata-q1128296,wikidata-q1128296
wikidata-q1335640,Kuwait Towers,Kuwait Towers,29.39,48.003055555555555,187,structural_tip,vertical_landmark,1977,completed,wikidata-q1335640,wikidata-q1335640
wikidata-q557933,Al Hamra Tower,Al Hamra Tower,29.378611111,47.992777777,412,structural_tip,building_or_freestanding_tower,2015,completed,wikidata-q557933,wikidata-q557933
wikidata-q1177765,Tower of David,Tower of David,31.776111111111,35.227777777778,50,structural_tip,vertical_landmark,150,completed,wikidata-q1177765,wikidata-q1177765
wikidata-q6699839,Vert Jerusalem,Vert Jerusalem,31.78522,35.20266,95,structural_tip,building_or_freestanding_tower,1900,completed,wikidata-q6699839,wikidata-q6699839
wikidata-q83101,Taipei 101,Taipei 101,25.033611111,121.564722222,508,structural_tip,building_or_freestanding_tower,2005,completed,wikidata-q83101,wikidata-q83101
wikidata-q41225,Big Ben,Big Ben,51.50067,-0.12457,96,structural_tip,vertical_landmark,1843,completed,wikidata-q41225,wikidata-q41225
wikidata-q18536,The Shard,The Shard,51.504444444,-0.086666666,306,structural_tip,building_or_freestanding_tower,2012,completed,wikidata-q18536,wikidata-q18536
wikidata-q243,Eiffel Tower,Eiffel Tower,48.858296,2.294479,330,structural_tip,building_or_freestanding_tower,1889,completed,wikidata-q243,wikidata-q243
wikidata-q989733,Torrespaña,Torrespaña,40.42051222222222,-3.664196111111111,231,structural_tip,vertical_landmark,1982,completed,wikidata-q989733,wikidata-q989733
wikidata-q953610,Torre de Cristal,Torre de Cristal,40.478055555,-3.687222222,249,structural_tip,building_or_freestanding_tower,2009,completed,wikidata-q953610,wikidata-q953610
wikidata-q48435,Basilica and Expiatory Church of the Holy Family,Basilica and Expiatory Church of the Holy Family,41.40369,2.17433,172.5,structural_tip,vertical_landmark,1882,completed,wikidata-q48435,wikidata-q48435
wikidata-q1147977,Torre de Collserola,Torre de Collserola,41.417222222,2.114166666,288.4,structural_tip,building_or_freestanding_tower,1992,completed,wikidata-q1147977,wikidata-q1147977
wikidata-q151356,Fernsehturm Berlin,Fernsehturm Berlin,52.520833333,13.409444444,368,structural_tip,building_or_freestanding_tower,1969,completed,wikidata-q151356,wikidata-q151356
wikidata-q12512,St. Peter's Basilica,St. Peter's Basilica,41.90222222222222,12.453416666666667,136.6,structural_tip,vertical_landmark,1506,completed,wikidata-q12512,wikidata-q12512
wikidata-q3664909,RAI tower,RAI tower,41.9193,12.4455,180,structural_tip,building_or_freestanding_tower,1900,completed,wikidata-q3664909,wikidata-q3664909
wikidata-q18068,Milan Cathedral,Milan Cathedral,45.463968,9.190578,108.5,structural_tip,vertical_landmark,1386,completed,wikidata-q18068,wikidata-q18068
wikidata-q3995200,Allianz Tower,Allianz Tower,45.477608333,9.157288888,207,structural_tip,building_or_freestanding_tower,2015,completed,wikidata-q3995200,wikidata-q3995200
wikidata-q181324,Ostankino Tower,Ostankino Tower,55.819722222,37.611666666,540.1,structural_tip,building_or_freestanding_tower,1900,completed,wikidata-q181324,wikidata-q181324
wikidata-q736587,Peter and Paul Cathedral,Peter and Paul Cathedral,59.950277777778,30.316666666667,122.5,structural_tip,vertical_landmark,1712,completed,wikidata-q736587,wikidata-q736587
wikidata-q4255374,Lakhta Centre,Lakhta Centre,59.98703,30.17814,462,structural_tip,building_or_freestanding_tower,2022,completed,wikidata-q4255374,wikidata-q4255374
wikidata-q142917,Mother Ukraine Monument,Mother Ukraine Monument,50.4265,30.56311111,62,structural_tip,vertical_landmark,1900,completed,wikidata-q142917,wikidata-q142917
wikidata-q1369185,Kyiv TV Tower,Kyiv TV Tower,50.471111111,30.453333333,385,structural_tip,building_or_freestanding_tower,1973,completed,wikidata-q1369185,wikidata-q1369185
wikidata-q167566,Palace of Culture and Science,Palace of Culture and Science,52.231666666667,21.006388888889,230,structural_tip,vertical_landmark,1955,completed,wikidata-q167566,wikidata-q167566
wikidata-q116847270,Varso Tower,Varso Tower,52.228891,21.000101,310,structural_tip,building_or_freestanding_tower,1900,completed,wikidata-q116847270,wikidata-q116847270
wikidata-q1413217,Žižkov Television Tower,Žižkov Television Tower,50.080833333,14.451388888,216,structural_tip,building_or_freestanding_tower,1900,completed,wikidata-q1413217,wikidata-q1413217
wikidata-q686544,Donauturm,Donauturm,48.24023,16.41003,252,structural_tip,building_or_freestanding_tower,1900,completed,wikidata-q686544,wikidata-q686544
wikidata-q11819,Hungarian Parliament Building,Hungarian Parliament Building,47.50694444444444,19.045555555555556,96,structural_tip,vertical_landmark,1904,completed,wikidata-q11819,wikidata-q11819
wikidata-q25457032,Száva utca TV Tower,Száva utca TV Tower,47.46861111,19.12583333,154,structural_tip,building_or_freestanding_tower,1988,completed,wikidata-q25457032,wikidata-q25457032
wikidata-q164150,Palace of the Parliament,Palace of the Parliament,44.4275,26.0875,84,structural_tip,vertical_landmark,1994,completed,wikidata-q164150,wikidata-q164150
wikidata-q1428093,National Cathedral,National Cathedral,44.42591,26.08226,120,structural_tip,building_or_freestanding_tower,2025,completed,wikidata-q1428093,wikidata-q1428093
wikidata-q10288,Parthenon,Parthenon,37.971527,23.726601,13.72,structural_tip,building_or_freestanding_tower,500,completed,wikidata-q10288,wikidata-q10288
wikidata-q215003,Belém Tower,Belém Tower,38.691388888889,-9.2158333333333,35,structural_tip,vertical_landmark,1515,completed,wikidata-q215003,wikidata-q215003
wikidata-q233737,Vasco da Gama Bridge,Vasco da Gama Bridge,38.762194444,-9.043305555,155,structural_tip,building_or_freestanding_tower,1998,completed,wikidata-q233737,wikidata-q233737
wikidata-q18642,Clérigos Church,Clérigos Church,41.145871,-8.61401,75,structural_tip,vertical_landmark,1779,completed,wikidata-q18642,clerigos-official
wikidata-q54802080,Clérigos Tower and Church,Clérigos Tower and Church,41.14565,-8.61464,75.6,structural_tip,building_or_freestanding_tower,1900,completed,wikidata-q54802080,wikidata-q54802080
wikidata-q1134365,Spire of Dublin,Spire of Dublin,53.34972,-6.26028,121.2,structural_tip,vertical_landmark,2003,completed,wikidata-q1134365,wikidata-q1134365
wikidata-q846365,St Patrick's Cathedral,St Patrick's Cathedral,53.339444444,-6.271388888,43,structural_tip,building_or_freestanding_tower,1900,completed,wikidata-q846365,wikidata-q846365
wikidata-q180901,Atomium,Atomium,50.895,4.3413888888889,102,structural_tip,vertical_landmark,1958,completed,wikidata-q180901,wikidata-q180901
wikidata-q3533638,Finance Tower,Finance Tower,50.852777777,4.364444444,145,structural_tip,building_or_freestanding_tower,1983,completed,wikidata-q3533638,wikidata-q3533638
wikidata-q1816984,Westerkerk,Westerkerk,52.703333,5.286812,87,structural_tip,building_or_freestanding_tower,1900,completed,wikidata-q1816984,westerkerk-official
wikidata-q969215,Euromast,Euromast,51.905388888888886,4.466583333333333,184.5,structural_tip,building_or_freestanding_tower,1960,completed,wikidata-q969215,wikidata-q969215
wikidata-q1140534,Rundetaarn,Rundetaarn,55.68137,12.57579,41.55,structural_tip,building_or_freestanding_tower,1642,completed,wikidata-q1140534,wikidata-q1140534
wikidata-q648483,Stockholm City Hall,Stockholm City Hall,59.3275,18.054722,106,structural_tip,vertical_landmark,1923,completed,wikidata-q648483,stockholm-city-hall-tower
wikidata-q10550988,Block Lusten,Block Lusten,59.339166666,18.005555555,78,structural_tip,building_or_freestanding_tower,1900,completed,wikidata-q10550988,wikidata-q10550988
wikidata-q373850,Oslo City Hall,Oslo City Hall,59.91167,10.73361,66,structural_tip,building_or_freestanding_tower,1950,completed,wikidata-q373850,wikidata-q373850
wikidata-q738015,Helsinki Cathedral,Helsinki Cathedral,60.17038775,24.95212383,62,structural_tip,vertical_landmark,1852,completed,wikidata-q738015,ctbuh-helsinki-cathedral
wikidata-q385150,Yle Transmission Tower,Yle Transmission Tower,60.20444444,24.92333333,146,structural_tip,building_or_freestanding_tower,1900,completed,wikidata-q385150,wikidata-q385150
wikidata-q684948,Grossmünster,Grossmünster,47.37,8.5441666666667,50,structural_tip,vertical_landmark,1201,completed,wikidata-q684948,wikidata-q684948
wikidata-q1337473,St. Jakob church,St. Jakob church,47.3741,8.52897,86,structural_tip,building_or_freestanding_tower,1900,completed,wikidata-q1337473,wikidata-q1337473
wikidata-q167193,Frauenkirche,Frauenkirche,48.1385785873577,11.5736157231262,99,structural_tip,vertical_landmark,1494,completed,wikidata-q167193,wikidata-q167193
wikidata-q599148,Olympiaturm,Olympiaturm,48.174464957,11.554240647,290,structural_tip,building_or_freestanding_tower,1968,completed,wikidata-q599148,wikidata-q599148
wikidata-q321291,Main Tower,Main Tower,50.1125,8.6722222222222,200,structural_tip,vertical_landmark,2000,completed,wikidata-q321291,wikidata-q321291
wikidata-q701496,Europaturm,Europaturm,50.135277777,8.654722222,331.14,structural_tip,building_or_freestanding_tower,1900,completed,wikidata-q701496,wikidata-q701496
wikidata-q648375,Heinrich Hertz Tower,Heinrich Hertz Tower,53.563056,9.975833,279.2,structural_tip,building_or_freestanding_tower,1900,completed,wikidata-q648375,wikidata-q648375
wikidata-q4176,Cologne Cathedral,Cologne Cathedral,50.94138888888889,6.958333333333333,157,structural_tip,vertical_landmark,1880,completed,wikidata-q4176,wikidata-q4176
wikidata-q153646,Colonius,Colonius,50.947222222,6.931944444,266,structural_tip,building_or_freestanding_tower,1900,completed,wikidata-q153646,wikidata-q153646
wikidata-q2578415,Manchester Town Hall,Manchester Town Hall,53.479166666667,-2.2441666666667,85.344,structural_tip,building_or_freestanding_tower,1877,completed,wikidata-q2578415,manchester-clock-tower
wikidata-q4836768,BT Tower,BT Tower,52.4834,-1.90443,140,structural_tip,building_or_freestanding_tower,1900,completed,wikidata-q4836768,wikidata-q4836768
wikidata-q4093,Glasgow,Glasgow,55.861111111111114,-4.25,50,structural_tip,building_or_freestanding_tower,1900,completed,wikidata-q4093,wikidata-q4093
wikidata-q2502213,Scott Monument,Scott Monument,55.952416666667,-3.1932777777778,61.11,structural_tip,building_or_freestanding_tower,1840,completed,wikidata-q2502213,scott-monument-wikipedia
wikidata-q1258275,Avala Tower,Avala Tower,44.695833333,20.514444444,204.68,structural_tip,building_or_freestanding_tower,2010,completed,wikidata-q1258275,wikidata-q1258275
wikidata-q312220,Zagreb Cathedral,Zagreb Cathedral,45.814444444,15.979722222,108,structural_tip,building_or_freestanding_tower,1900,completed,wikidata-q312220,wikidata-q312220
wikidata-q790278,Avaz Twist Tower,Avaz Twist Tower,43.860555555556,18.4025,172,structural_tip,vertical_landmark,2008,completed,wikidata-q790278,wikidata-q790278
wikidata-q3437287,Greece–Bosnia and Herzegovina Friendship Building,Greece–Bosnia and Herzegovina Friendship Building,43.85503611,18.405175,80.36067819,structural_tip,building_or_freestanding_tower,1900,completed,wikidata-q3437287,wikidata-q3437287
wikidata-q1890632,Millennium Cross,Millennium Cross,41.965027,21.39441,66,structural_tip,building_or_freestanding_tower,2002,completed,wikidata-q1890632,visit-skopje-millennium
wikidata-q1515102,Maritim Hotel Plaza Tirana,Maritim Hotel Plaza Tirana,41.3275,19.82166667,85,structural_tip,building_or_freestanding_tower,1900,completed,wikidata-q1515102,wikidata-q1515102
wikidata-q614684,Cairo Tower,Cairo Tower,30.04583333,31.22444444,187,structural_tip,vertical_landmark,1961,completed,wikidata-q614684,wikidata-q614684
wikidata-q102281065,Iconic Tower,Iconic Tower,30.012777777,31.693888888,393.8,structural_tip,building_or_freestanding_tower,1900,completed,wikidata-q102281065,wikidata-q102281065
wikidata-q16733944,NECOM House,NECOM House,6.4461,3.39751,160,structural_tip,building,1979,completed,wikidata-q16733944,wikidata-q16733944
wikidata-q63483561,Tour de l'Échangeur de Limete,Tour de l'Échangeur de Limete,-4.374444444,15.345277777,210,structural_tip,building_or_freestanding_tower,1900,completed,wikidata-q63483561,wikidata-q63483561
wikidata-q1563940,Hillbrow Tower,Hillbrow Tower,-26.186944444,28.049166666,269,structural_tip,building_or_freestanding_tower,1971,completed,wikidata-q1563940,wikidata-q1563940
wikidata-q32788393,Mausoleum of Agostinho Neto,Mausoleum of Agostinho Neto,-8.823611,13.218947,120,structural_tip,building_or_freestanding_tower,1900,completed,wikidata-q32788393,agostinho-mausoleum-wikipedia
wikidata-q553923,Corinthia Hotel Khartoum,Corinthia Hotel Khartoum,15.606667,32.513611,85,structural_tip,building_or_freestanding_tower,2008,completed,wikidata-q553923,maeg-corinthia
wikidata-q96912060,PSPF Towers – Tower B,PSPF Towers – Tower B,-6.816111111111111,39.280277777777776,153,structural_tip,building_or_freestanding_tower,2014,completed,wikidata-q96912060,wikidata-q96912060
wikidata-q43244,Lighthouse of Alexandria,Lighthouse of Alexandria,31.214167,29.885,137,structural_tip,building_or_freestanding_tower,1900,completed,wikidata-q43244,wikidata-q43244
wikidata-q3533159,Tour Postel 2001,Tour Postel 2001,5.32569,-4.01722,105,structural_tip,building_or_freestanding_tower,1984,completed,wikidata-q3533159,wikidata-q3533159
wikidata-q3272625,Kenyatta International Convention Centre,Kenyatta International Convention Centre,-1.2886111111111,36.823055555556,105,structural_tip,vertical_landmark,1974,completed,wikidata-q3272625,wikidata-q3272625
wikidata-q55642324,The Pinnacle (Nairobi),The Pinnacle (Nairobi),-1.29666667,36.81805556,320,structural_tip,building_or_freestanding_tower,1900,completed,wikidata-q55642324,wikidata-q55642324
wikidata-q41346,Hassan II Mosque,Hassan II Mosque,33.60734166666667,-7.632561111111111,200,structural_tip,vertical_landmark,1993,completed,wikidata-q41346,hassan-ii-foundation
wikidata-q60851364,Casablanca Finance City Tower,Casablanca Finance City Tower,33.56355,-7.661,136,structural_tip,building_or_freestanding_tower,2019,completed,wikidata-q60851364,wikidata-q60851364
wikidata-q124619191,Villagio Apartments,Villagio Apartments,5.6205,-0.1781,100,structural_tip,building_or_freestanding_tower,1900,completed,wikidata-q124619191,wikidata-q124619191
wikidata-q27857526,Commercial Bank of Ethiopia Headquarters,Commercial Bank of Ethiopia Headquarters,9.0165513,38.7543284,209.15,structural_tip,vertical_landmark,1900,completed,wikidata-q27857526,cbe-anniversary
wikidata-q96912134,Wegagen Bank Headquarters,Wegagen Bank Headquarters,9.011762,38.756045,107,structural_tip,building_or_freestanding_tower,1900,completed,wikidata-q96912134,wikidata-q96912134
wikidata-q470763,African Renaissance Monument,African Renaissance Monument,14.722222222222221,-17.495,60,structural_tip,vertical_landmark,2010,completed,wikidata-q470763,wikidata-q470763
wikidata-q96912163,Immeuble Kébé,Immeuble Kébé,14.668732,-17.44018,100,structural_tip,building_or_freestanding_tower,1900,completed,wikidata-q96912163,wikidata-q96912163
wikidata-q4022677,Kampala Mosque,Kampala Mosque,0.3,32.633333333333,50.5,structural_tip,vertical_landmark,1978,completed,wikidata-q4022677,uganda-mosque-wikipedia
wikidata-q7186495,Mother Temple of Africa,Mother Temple of Africa,0.364388888,32.588388888,39,structural_tip,building_or_freestanding_tower,1900,completed,wikidata-q7186495,wikidata-q7186495
wikidata-q10270271,Maputo City Hall,Maputo City Hall,-25.968167,32.573801,50,structural_tip,vertical_landmark,1947,completed,wikidata-q10270271,wikidata-q10270271
wikidata-q96912088,Banco de Mocambique Tower 1,Banco de Mocambique Tower 1,-25.9725,32.57,130,structural_tip,building_or_freestanding_tower,1900,completed,wikidata-q96912088,wikidata-q96912088
wikidata-q3561,Algiers,Algiers,36.776388888889,3.0586111111111,50,structural_tip,building_or_freestanding_tower,944,completed,wikidata-q3561,wikidata-q3561
wikidata-q29059648,Nation Tower,Nation Tower,36.80347,10.186468,82.54,structural_tip,building_or_freestanding_tower,1900,completed,wikidata-q29059648,wikidata-q29059648
wikidata-q579331,Hassan Tower,Hassan Tower,34.0241,-6.82272,44,structural_tip,building_or_freestanding_tower,1196,completed,wikidata-q579331,visit-rabat-hassan
wikidata-q56064359,Reserve Bank Tower,Torre del Banco de la Reserva,-17.82617,31.05126,120,structural_tip,building,1997,completed,wikidata-q56064359,wikidata-q56064359
wikidata-q21007716,FINDECO House,FINDECO House,-15.4243,28.2838,89.9,structural_tip,building_or_freestanding_tower,1900,completed,wikidata-q21007716,ctbuh-findeco
wikidata-q7797448,Three Dikgosi Monument,Three Dikgosi Monument,-24.644916666666667,25.907333333333334,5.4,structural_tip,building_or_freestanding_tower,2005,completed,wikidata-q7797448,wikidata-q7797448
wikidata-q3935,Windhoek,Windhoek,-22.57,17.083611111111,50,structural_tip,building_or_freestanding_tower,1840,completed,wikidata-q3935,wikidata-q3935
wikidata-q3915,Antananarivo,Antananarivo,-18.91,47.525,50,structural_tip,building_or_freestanding_tower,1625,completed,wikidata-q3915,wikidata-q3915
wikidata-q2882647,Bank of Mauritius Tower,Bank of Mauritius Tower,-20.1618405,57.503752,124,structural_tip,building_or_freestanding_tower,1900,completed,wikidata-q2882647,wikidata-q2882647
wikidata-q9188,Empire State Building,Empire State Building,40.748333333333335,-73.98555555555555,453,structural_tip,vertical_landmark,1931,completed,wikidata-q9188,wikidata-q9188
wikidata-q11245,One World Trade Center,One World Trade Center,40.713,-74.0135,546.2,structural_tip,building_or_freestanding_tower,2014,completed,wikidata-q11245,wikidata-q11245
wikidata-q368489,Los Angeles City Hall,Los Angeles City Hall,34.0536,-118.243,138,structural_tip,vertical_landmark,1928,completed,wikidata-q368489,wikidata-q368489
wikidata-q57900,U.S. Bank Tower,U.S. Bank Tower,34.050961,-118.254353,310.3,structural_tip,building_or_freestanding_tower,1900,completed,wikidata-q57900,wikidata-q57900
wikidata-q29294,Willis Tower,Willis Tower,41.878611,-87.635833,442.1,structural_tip,building_or_freestanding_tower,1973,completed,wikidata-q29294,wikidata-q29294
wikidata-q1248619,Reunion Tower,Reunion Tower,32.7753,-96.80886,171,structural_tip,vertical_landmark,1978,completed,wikidata-q1248619,wikidata-q1248619
wikidata-q806675,Bank of America Plaza,Bank of America Plaza,32.7799,-96.8038,281,structural_tip,building_or_freestanding_tower,1900,completed,wikidata-q806675,wikidata-q806675
wikidata-q935919,JPMorgan Chase Tower,JPMorgan Chase Tower,29.760556,-95.363889,305.4,structural_tip,building_or_freestanding_tower,1900,completed,wikidata-q935919,wikidata-q935919
wikidata-q178114,Washington Monument,Washington Monument,38.889475,-77.035244444444,169.046,structural_tip,vertical_landmark,1885,completed,wikidata-q178114,wikidata-q178114
wikidata-q668710,Washington National Cathedral,Washington National Cathedral,38.930611111,-77.070555555,91.7,structural_tip,building_or_freestanding_tower,1912,completed,wikidata-q668710,wikidata-q668710
wikidata-q7947827,WCIX TV Tower,WCIX TV Tower,25.5404,-80.4684,549,structural_tip,building_or_freestanding_tower,1900,completed,wikidata-q7947827,wikidata-q7947827
wikidata-q3177225,Westin Peachtree Plaza Hotel,Westin Peachtree Plaza Hotel,33.75948,-84.38765,220.37040000000002,structural_tip,vertical_landmark,1976,completed,wikidata-q3177225,wikidata-q3177225
wikidata-q499486,Bank of America Plaza,Bank of America Plaza,33.770833333,-84.386111111,311.8,structural_tip,building_or_freestanding_tower,1900,completed,wikidata-q499486,wikidata-q499486
wikidata-q798416,John Hancock Tower,John Hancock Tower,42.349277777,-71.074777777,241,structural_tip,building_or_freestanding_tower,1900,completed,wikidata-q798416,wikidata-q798416
wikidata-q216865,Transamerica Pyramid,Transamerica Pyramid,37.795135,-122.402748,260,structural_tip,vertical_landmark,1969,completed,wikidata-q216865,wikidata-q216865
wikidata-q14684154,Salesforce Tower,Salesforce Tower,37.7899,-122.397,326,structural_tip,building_or_freestanding_tower,1900,completed,wikidata-q14684154,wikidata-q14684154
wikidata-q5317,Space Needle,Space Needle,47.6204,-122.3491,184,structural_tip,vertical_landmark,1962,completed,wikidata-q5317,wikidata-q5317
wikidata-q908703,Columbia Center,Columbia Center,47.604525,-122.330539,294.8,structural_tip,building_or_freestanding_tower,1985,completed,wikidata-q908703,wikidata-q908703
wikidata-q1138183,Philadelphia City Hall,Philadelphia City Hall,39.952247,-75.163894,167,structural_tip,vertical_landmark,1901,completed,wikidata-q1138183,wikidata-q1138183
wikidata-q463759,American Commerce Center,American Commerce Center,39.955,-75.170277777,460,structural_tip,building_or_freestanding_tower,1900,completed,wikidata-q463759,wikidata-q463759
wikidata-q134883,CN Tower,CN Tower,43.642752777,-79.387147222,553.3,structural_tip,building_or_freestanding_tower,1976,completed,wikidata-q134883,wikidata-q134883
wikidata-q61602719,Montreal Tower,Montreal Tower,45.55952,-73.55215,175,structural_tip,vertical_landmark,1973,completed,wikidata-q61602719,wikidata-q61602719
wikidata-q164877,1000 de La Gauchetière,1000 de La Gauchetière,45.4982,-73.5663,205,structural_tip,building_or_freestanding_tower,1990,completed,wikidata-q164877,wikidata-q164877
wikidata-q867340,Harbour Centre,Harbour Centre,49.28478,-123.11206,169,structural_tip,vertical_landmark,1977,completed,wikidata-q867340,wikidata-q867340
wikidata-q1785026,Living Shangri-La,Living Shangri-La,49.285833333,-123.123611111,201,structural_tip,building_or_freestanding_tower,2009,completed,wikidata-q1785026,wikidata-q1785026
wikidata-q947870,Torre Latinoamericana,Torre Latinoamericana,19.433888888889,-99.140555555556,182,structural_tip,vertical_landmark,1956,completed,wikidata-q947870,wikidata-q947870
wikidata-q844813,Torre Mayor,Torre Mayor,19.424166666,-99.175555555,230.4,structural_tip,building_or_freestanding_tower,1900,completed,wikidata-q844813,wikidata-q844813
wikidata-q1706069,Guadalajara Cathedral,Guadalajara Cathedral,20.67697,-103.347,65,structural_tip,building_or_freestanding_tower,1561,completed,wikidata-q1706069,guadalajara-cathedral
wikidata-q5436075,Faro del Comercio,Faro del Comercio,25.666194444444,-100.31002777778,69.8,structural_tip,building_or_freestanding_tower,1900,completed,wikidata-q5436075,monterrey-faro
wikidata-q1708874,José Martí Memorial,José Martí Memorial,23.122078,-82.386444,112.75,structural_tip,vertical_landmark,1958,completed,wikidata-q1708874,cuba-jose-marti
wikidata-q110110932,Cuban Telephone Company Building,Cuban Telephone Company Building,23.134003612,-82.361686724,62,structural_tip,building_or_freestanding_tower,1900,completed,wikidata-q110110932,wikidata-q110110932
wikidata-q5853834,F&F Tower,F&F Tower,8.98297,-79.5185,236.4,structural_tip,vertical_landmark,2011,completed,wikidata-q5853834,ctbuh-ff-tower
wikidata-q2444561,Vitri Tower,Vitri Tower,9.010476,-79.463661,281,structural_tip,building_or_freestanding_tower,2013,completed,wikidata-q2444561,wikidata-q2444561
wikidata-q169420,Edifício Altino Arantes,Edifício Altino Arantes,-23.54567499999998,-46.63409999999999,161.22,structural_tip,vertical_landmark,1947,completed,wikidata-q169420,wikidata-q169420
wikidata-q42258,Mirante do Vale,Mirante do Vale,-23.5422,-46.635422,170,structural_tip,building_or_freestanding_tower,1966,completed,wikidata-q42258,wikidata-q42258
wikidata-q831389,Obelisco de Buenos Aires,Obelisco de Buenos Aires,-34.60376,-58.38162,67.5,structural_tip,vertical_landmark,1936,completed,wikidata-q831389,wikidata-q831389
wikidata-q2961507,Chateau Libertador Residence,Chateau Libertador Residence,-34.547969444,-58.456641666,133.06,structural_tip,building_or_freestanding_tower,1900,completed,wikidata-q2961507,wikidata-q2961507
wikidata-q79961,Christ the Redeemer,Christ the Redeemer,-22.951915648887244,-43.21046412278801,30.1,structural_tip,vertical_landmark,1931,completed,wikidata-q79961,wikidata-q79961
wikidata-q2411716,Rio de Janeiro Cathedral,Rio de Janeiro Cathedral,-22.910925,-43.180711,75,structural_tip,building_or_freestanding_tower,1900,completed,wikidata-q2411716,wikidata-q2411716
wikidata-q2446793,Cathedral of Lima,Cathedral of Lima,-12.046472222222222,-77.03003611111112,50,structural_tip,vertical_landmark,1535,completed,wikidata-q2446793,wikidata-q2446793
wikidata-q48460897,T Tower,T Tower,-12.091,-77.0265,90,structural_tip,building_or_freestanding_tower,1900,completed,wikidata-q48460897,wikidata-q48460897
wikidata-q19207166,Torres Atrio,Torres Atrio,4.615565,-74.072263,268,structural_tip,building_or_freestanding_tower,1900,completed,wikidata-q19207166,wikidata-q19207166
wikidata-q1542408,Gran Torre Costanera,Gran Torre Costanera,-33.41694444,-70.60666667,300,structural_tip,building_or_freestanding_tower,2013,completed,wikidata-q1542408,wikidata-q1542408
wikidata-q4388657,Parque Central Complex,Parque Central Complex,10.498305555555556,-66.90130555555555,225,structural_tip,vertical_landmark,1983,completed,wikidata-q4388657,wikidata-q4388657
wikidata-q1054303,Confinanzas Financial Center,Confinanzas Financial Center,10.50527778,-66.89888889,171,structural_tip,building_or_freestanding_tower,1900,completed,wikidata-q1054303,wikidata-q1054303
wikidata-q42800,Belo Horizonte,Belo Horizonte,-19.928055555555556,-43.941944444444445,50,structural_tip,building_or_freestanding_tower,1701,completed,wikidata-q42800,wikidata-q42800
wikidata-q201720,Cathedral of Brasília,Cathedral of Brasília,-15.798333333333,-47.875555555556,40,structural_tip,vertical_landmark,1970,completed,wikidata-q201720,brazil-tourism-cathedral
wikidata-q1270936,Brasilia TV Tower,Brasilia TV Tower,-15.790536,-47.892975,224,structural_tip,building_or_freestanding_tower,1900,completed,wikidata-q1270936,wikidata-q1270936
wikidata-q1328348,Elevador Lacerda,Elevador Lacerda,-12.97421745,-38.513143886122,73.5,structural_tip,vertical_landmark,1869,completed,wikidata-q1328348,salvador-lacerda
wikidata-q10323861,Mansão Margarida Costa Pinto,Mansão Margarida Costa Pinto,-12.992633,-38.525371,154.45,structural_tip,building_or_freestanding_tower,1900,completed,wikidata-q10323861,wikidata-q10323861
wikidata-q15975929,Malakoff tower,Malakoff tower,-8.0538888888889,-34.880833333333,50,structural_tip,building_or_freestanding_tower,1900,completed,wikidata-q15975929,wikidata-q15975929
wikidata-q3057904,Coltejer Building,Coltejer Building,6.250136,-75.566067,175,structural_tip,vertical_landmark,1972,completed,wikidata-q3057904,wikidata-q3057904
wikidata-q7826994,Torre del Café,Torre del Café,6.249022,-75.568536,160,structural_tip,building_or_freestanding_tower,1900,completed,wikidata-q7826994,wikidata-q7826994
wikidata-q4868435,Basilica of the National Vow,Basilica of the National Vow,-0.215,-78.50738888888888,83,structural_tip,building_or_freestanding_tower,1988,completed,wikidata-q4868435,wikidata-q4868435
wikidata-q6150287,Torre The Point,Torre The Point,-2.178295,-79.876221,137,structural_tip,building_or_freestanding_tower,1900,completed,wikidata-q6150287,wikidata-q6150287
wikidata-q1519373,Palacio Salvo,Palacio Salvo,-34.906725,-56.198308,100,structural_tip,vertical_landmark,1928,completed,wikidata-q1519373,ctbuh-palacio-salvo
wikidata-q109313102,Torre SAETA,Torre SAETA,-34.908083333,-56.180194444,187,structural_tip,building_or_freestanding_tower,1900,completed,wikidata-q109313102,wikidata-q109313102
wikidata-q827268,Sydney Tower,Sydney Tower,-33.870278,151.208889,306,structural_tip,vertical_landmark,1981,completed,wikidata-q827268,wikidata-q827268
wikidata-q19870155,1 Macquarie Place,1 Macquarie Place,-33.8621,151.21,164,structural_tip,building_or_freestanding_tower,1989,completed,wikidata-q19870155,wikidata-q19870155
wikidata-q4823550,Australia 108,Australia 108,-37.8233,144.9639,316.7,structural_tip,building_or_freestanding_tower,1900,completed,wikidata-q4823550,wikidata-q4823550
wikidata-q4968552,Brisbane City Hall,Brisbane City Hall,-27.4688,153.024,92,structural_tip,vertical_landmark,1930,completed,wikidata-q4968552,brisbane-city-hall
wikidata-q16823864,"300 George Street, Brisbane","300 George Street, Brisbane",-27.4701,153.022,264,structural_tip,building_or_freestanding_tower,1900,completed,wikidata-q16823864,wikidata-q16823864
wikidata-q3183,Perth,Perth,-31.955833333333334,115.85972222222222,50,structural_tip,building_or_freestanding_tower,1829,completed,wikidata-q3183,wikidata-q3183
wikidata-q5112,Adelaide,Adelaide,-34.9275,138.6,50,structural_tip,building_or_freestanding_tower,1836,completed,wikidata-q5112,wikidata-q5112
wikidata-q37100,Auckland,Auckland,-36.84916666666667,174.76527777777778,50,structural_tip,building_or_freestanding_tower,1840,completed,wikidata-q37100,wikidata-q37100
wikidata-q10323215,Majestic Centre,Majestic Centre,-41.2884,174.774,116,structural_tip,building_or_freestanding_tower,1991,completed,wikidata-q10323215,engineering-nz-majestic
wikidata-q1077977,Christ Church Cathedral,Christ Church Cathedral,-43.531,172.637,63,structural_tip,vertical_landmark,1864,completed,wikidata-q1077977,christchurch-library-cathedral
wikidata-q17036267,Westpac Canterbury Centre,Westpac Canterbury Centre,-43.533244444,172.638075,55,structural_tip,building_or_freestanding_tower,1900,completed,wikidata-q17036267,wikidata-q17036267
wikidata-q448450,Aloha Tower,Aloha Tower,21.307083,-157.865972,56,structural_tip,vertical_landmark,1926,completed,wikidata-q448450,wikidata-q448450
wikidata-q106436675,Q106436675,Q106436675,21.29198267,-157.84916899,127,structural_tip,building_or_freestanding_tower,1900,completed,wikidata-q106436675,wikidata-q106436675
wikidata-q131658559,WG Friendship Plaza Suva,WG Friendship Plaza Suva,-18.146388888,178.430833333,112,structural_tip,building_or_freestanding_tower,1900,completed,wikidata-q131658559,wikidata-q131658559
wikidata-q1466926,Valencia Cathedral,Valencia Cathedral,39.475611111,-0.375138888,55,structural_tip,building_or_freestanding_tower,1900,completed,wikidata-q1466926,wikidata-q1466926
wikidata-q3121267,Iberdrola Tower,Iberdrola Tower,43.2675,-2.938611111,165,structural_tip,building_or_freestanding_tower,2012,completed,wikidata-q3121267,wikidata-q3121267
wikidata-q1582758,Cathedral Basilica of the Virgin of Incarnation,Catedral de Málaga,36.720042,-4.42012,84,structural_tip,church_spire,1782,completed,wikidata-q1582758,visit-costa-del-sol-malaga-cathedral
wikidata-q5669119,"La Farola, Málaga","La Farola, Málaga",36.71414723,-4.414568228,37,structural_tip,building_or_freestanding_tower,1900,completed,wikidata-q5669119,wikidata-q5669119
wikidata-q1385934,Cathedral Basilica of St. Ann,Cathedral Basilica of St. Ann,28.10083333,-15.41472222,50,structural_tip,building_or_freestanding_tower,1570,completed,wikidata-q1385934,wikidata-q1385934
wikidata-q734657,Torres de Santa Cruz,Torres de Santa Cruz,28.456111111,-16.255555555,120,structural_tip,building_or_freestanding_tower,1900,completed,wikidata-q734657,wikidata-q734657
wikidata-q1298819,Palma Cathedral,Palma Cathedral,39.5675,2.64805556,62,structural_tip,vertical_landmark,1228,completed,wikidata-q1298819,mallorca-cathedral-measures
wikidata-q5856454,Portopí Lighthouse,Portopí Lighthouse,39.548556,2.623383,38,structural_tip,building_or_freestanding_tower,1900,completed,wikidata-q5856454,wikidata-q5856454
wikidata-q2942557,Ibiza Cathedral,Ibiza Cathedral,38.90666667,1.43666667,50,structural_tip,building_or_freestanding_tower,1201,completed,wikidata-q2942557,wikidata-q2942557
wikidata-q11920552,Santa Maria de Maó,Santa Maria de Maó,39.8895,4.26468,50,structural_tip,vertical_landmark,1748,completed,wikidata-q11920552,wikidata-q11920552
wikidata-q8960896,Favàritx Lighthouse,Favàritx Lighthouse,39.99694444,4.26638889,28,structural_tip,building_or_freestanding_tower,1900,completed,wikidata-q8960896,wikidata-q8960896
wikidata-q922172,Santander Cathedral,Santander Cathedral,43.46055556,-3.8075,50,structural_tip,vertical_landmark,1200,completed,wikidata-q922172,wikidata-q922172
wikidata-q5856365,Faro de Cabo Mayor,Faro de Cabo Mayor,43.49042778,-3.79075556,30,structural_tip,building_or_freestanding_tower,1900,completed,wikidata-q5856365,wikidata-q5856365
wikidata-q1534288,Oviedo Cathedral,Catedral de Oviedo,43.362583,-5.843081,62.05,structural_tip,church_spire,1587,completed,wikidata-q1534288,oviedo-cathedral-tower
wikidata-q245151,Tower of Hercules,Tower of Hercules,43.385833333333,-8.4063888888889,49,structural_tip,vertical_landmark,100,completed,wikidata-q245151,wikidata-q245151
wikidata-q3395775,Torre Costa Rica,Torre Costa Rica,43.36388889,-8.40916667,119,structural_tip,building_or_freestanding_tower,1900,completed,wikidata-q3395775,wikidata-q3395775
wikidata-q810684,Basilica of Our Lady of the Pillar,Basilica of Our Lady of the Pillar,41.656882,-0.878327,92,structural_tip,vertical_landmark,1681,completed,wikidata-q810684,zaragoza-pilar-measures
wikidata-q11374320,"Torre de telecomunicaciones Movistar, Zaragoza","Torre de telecomunicaciones Movistar, Zaragoza",41.639427,-0.91301,117,structural_tip,building_or_freestanding_tower,1992,completed,wikidata-q11374320,wikidata-q11374320
wikidata-q2511122,El Fadrí,El Fadrí,39.986111111,-0.037222222,60,structural_tip,building_or_freestanding_tower,1900,completed,wikidata-q2511122,wikidata-q2511122
wikidata-q131349248,"Montreal Building (Alicante, Spain)","Montreal Building (Alicante, Spain)",38.356328019,-0.472324374,90,structural_tip,building_or_freestanding_tower,1900,completed,wikidata-q131349248,wikidata-q131349248
wikidata-q96078341,Alamillo Bridge tower,Alamillo Bridge tower,37.413,-5.992,140,structural_tip,building_or_freestanding_tower,1900,completed,wikidata-q96078341,wikidata-q96078341
wikidata-q47003633,Gran Hotel,Gran Hotel,28.9576,-13.55459,50,structural_tip,building_or_freestanding_tower,1900,completed,wikidata-q47003633,wikidata-q47003633
wikidata-q24013882,Puerto del Rosario,Puerto del Rosario,28.50038,-13.86272,50,structural_tip,building_or_freestanding_tower,1900,completed,wikidata-q24013882,wikidata-q24013882
wikidata-q433632,Santa Cruz de La Palma,Santa Cruz de La Palma,28.6825,-17.765,50,structural_tip,building_or_freestanding_tower,1900,completed,wikidata-q433632,wikidata-q433632
wikidata-q901770,Daniels & Fisher Tower,Daniels & Fisher Tower,39.748333,-104.995278,113.4,structural_tip,vertical_landmark,1911,completed,wikidata-q901770,ctbuh-daniels-fisher
wikidata-q4640570,555 17th Street,555 17th Street,39.7452,-104.99,154.5339042,structural_tip,building_or_freestanding_tower,1978,completed,wikidata-q4640570,wikidata-q4640570
wikidata-q1340132,Encore,Encore,36.1274003,-115.166211,192,structural_tip,building_or_freestanding_tower,2008,completed,wikidata-q1340132,wikidata-q1340132
wikidata-q49233,Orlando,Orlando,28.533611111111,-81.386666666667,50,structural_tip,building_or_freestanding_tower,1875,completed,wikidata-q49233,wikidata-q49233
wikidata-q586913,Bank of America Financial Center,Bank of America Financial Center,35.2278,-80.843,265,structural_tip,vertical_landmark,1992,completed,wikidata-q586913,wikidata-q586913
wikidata-q673794,Truist Center (Charlotte),Truist Center (Charlotte),35.227572,-80.840803,201,structural_tip,building_or_freestanding_tower,2002,completed,wikidata-q673794,wikidata-q673794
wikidata-q2943678,Chase Tower,Chase Tower,33.4509,-112.073,147.22,structural_tip,building_or_freestanding_tower,1972,completed,wikidata-q2943678,wikidata-q2943678
wikidata-q1756313,Vasco da Gama Tower,Torre Vasco da Gama,38.774722222,-9.091388889,145,structural_tip,building_or_freestanding_tower,1998,completed,wikidata-q1756313,visitlisboa-vasco-tower
wikidata-q28223286,Britam Tower,Britam Tower,-1.300086944,36.813016944,200.1,structural_tip,building_or_freestanding_tower,2017,completed,wikidata-q28223286,ctbuh-nairobi
wikidata-q16958963,Comcast Technology Center,Comcast Technology Center,39.96,-75.17,341.7,structural_tip,building_or_freestanding_tower,2018,completed,wikidata-q16958963,ctbuh-philadelphia
wikidata-q3062297,Meliá Valencia,Meliá Valencia,39.49444444,-0.40111111,117,architectural_top,building,2006,completed,wikidata-q3062297,ctbuh-valencia
wikidata-q4650945,AC Hotel Gran Canaria,AC Hotel Gran Canaria,28.142,-15.4303,84,architectural_top,building,1971,completed,wikidata-q4650945,ctbuh-las-palmas
wikidata-q2746748,Torre Sevilla,Torre Sevilla,37.39194444,-6.00972222,180.5,structural_tip,building_or_freestanding_tower,2015,completed,wikidata-q2746748,visitasevilla-torre
wikidata-q834479,Giralda,Giralda,37.386111111,-5.992388889,104,structural_tip,church_spire,1568,completed,wikidata-q834479,visitasevilla-giralda
wikidata-q5440278,Grand Hyatt Manila,Grand Hyatt Manila,14.55696,121.05206,318,structural_tip,building,2018,completed,wikidata-q5440278,wikidata-q5440278
wikidata-q7339077,Rizal Monument,Rizal Monument,14.581669,120.976694,14,structural_tip,monument,1908,completed,wikidata-q7339077,wikidata-q7339077
curated-mondeal-one,Mondeal One,Mondeal One,23.03972,72.51042,148,structural_tip,building,2015,completed,source-curated-mondeal-one,source-curated-mondeal-one
wikidata-q107210904,Patang,Patang,23.02638888888889,72.57216666666666,67,structural_tip,observation_tower,1984,completed,wikidata-q107210904,wikidata-q107210904
wikidata-q3533344,Glasgow Tower,Glasgow Tower,55.8585,-4.29325,127,structural_tip,observation_tower,2001,completed,wikidata-q3533344,wikidata-q3533344
wikidata-q17567981,University of Glasgow tower,Torre de la Universidad de Glasgow,55.8718,-4.28897,85,structural_tip,university_tower,1870,completed,wikidata-q17567981,wikidata-q17567981
wikidata-q23012984,Great Mosque of Algiers minaret,Minarete de la Gran Mezquita de Argel,36.735833333333,3.1380555555556,265,structural_tip,minaret,2019,completed,wikidata-q23012984,wikidata-q23012984
wikidata-q3056085,Martyrs' Memorial,Monumento de los Mártires,36.74565,3.0697,92,structural_tip,monument,1982,completed,wikidata-q3056085,wikidata-q3056085
wikidata-q1664331,Sanlam Centre,Sanlam Centre,-22.558904,17.082481,50.24,structural_tip,building,1990,completed,wikidata-q1664331,wikidata-q1664331
wikidata-q1087458,Christ Church,Iglesia de Cristo,-22.56777778,17.08722222,42,structural_tip,church_tower,1910,completed,wikidata-q1087458,wikidata-q1087458
curated-fiaro-building,FIARO Building,Edificio FIARO,-18.91042,47.52242,60,structural_tip,building,1982,completed,source-curated-fiaro-building,source-curated-fiaro-building
wikidata-q1290337,Rova of Antananarivo,Rova de Antananarivo,-18.92365,47.53202,40,structural_tip,palace_tower,1820,completed,wikidata-q1290337,wikidata-q1290337
wikidata-q82800323,Edifício Aureliano Chaves,Edifício Aureliano Chaves,-19.928416666666667,-43.949888888888886,121.1,structural_tip,building,2014,completed,wikidata-q82800323,wikidata-q82800323
wikidata-q18470509,Edifício Acaiaca,Edifício Acaiaca,-19.91946,-43.93975,120,structural_tip,building,1943,completed,wikidata-q18470509,wikidata-q18470509
wikidata-q2585611,Central Park,Central Park,-31.95366667,115.85561111,249,structural_tip,building,1992,completed,wikidata-q2585611,wikidata-q2585611
wikidata-q7653429,The Bell Tower,The Bell Tower,-31.958903,115.858242,82.5,structural_tip,bell_tower,2000,completed,wikidata-q7653429,wikidata-q7653429
wikidata-q125766623,The Adelaidean,The Adelaidean,-34.92199519717401,138.60759397172538,138,structural_tip,building,2020,completed,wikidata-q125766623,wikidata-q125766623
wikidata-q2918618,St Peter's Cathedral,Catedral de San Pedro,-34.91277778,138.59805556,51,structural_tip,church_spire,1901,completed,wikidata-q2918618,wikidata-q2918618
wikidata-q722125,Sky Tower,Sky Tower,-36.84847,174.76231,328,structural_tip,observation_tower,1997,completed,wikidata-q722125,wikidata-q722125
wikidata-q21039368,Puerto del Rosario Lighthouse,Faro de Puerto del Rosario,28.505377777778,-13.843755555556,43,structural_tip,lighthouse,1992,completed,wikidata-q21039368,wikidata-q21039368
curated-nuestra-senora-del-rosario-pdr,Nuestra Señora del Rosario church tower,Torre de la iglesia de Nuestra Señora del Rosario,28.50042,-13.86213,20,structural_tip,church_tower,1824,completed,source-curated-nuestra-senora-del-rosario-pdr,source-curated-nuestra-senora-del-rosario-pdr
wikidata-q5637893,El Salvador church tower,Torre de la iglesia de El Salvador,28.683612,-17.764942,25,structural_tip,church_tower,1580,completed,wikidata-q5637893,wikidata-q5637893
wikidata-q3503721,200 South Orange,200 South Orange,28.5398,-81.3799,134.4,structural_tip,building,1988,completed,wikidata-q3503721,wikidata-q3503721
wikidata-q2742709,Cinderella Castle,Castillo de Cenicienta,28.419411,-81.5812,57.6,structural_tip,castle_tower,1971,completed,wikidata-q2742709,wikidata-q2742709
curated-shaheed-minar-dhaka,Central Shaheed Minar,Shaheed Minar Central,23.72756,90.39603,14,structural_tip,monument,1963,completed,source-curated-shaheed-minar-dhaka,source-curated-shaheed-minar-dhaka
wikidata-q125445,Temple of Heaven,Templo del Cielo,39.8822,116.4066,38,structural_tip,temple,1420,completed,wikidata-q125445,wikidata-q125445
wikidata-q6683399,People's Liberation Monument,Monumento a la Liberación del Pueblo,29.560167,106.573361,27.5,structural_tip,monument,1947,completed,wikidata-q6683399,wikidata-q6683399
wikidata-q1356352,Victoria Memorial,Victoria Memorial,22.5449,88.3425,56,structural_tip,monument_dome,1921,completed,wikidata-q1356352,wikidata-q1356352
wikidata-q145151,National Monument (Monas),Monumento Nacional (Monas),-6.17538889,106.82713889,137,structural_tip,monument,1975,completed,wikidata-q145151,wikidata-q145151
wikidata-q214855,Bank of China Tower,Bank of China Tower,22.27916667,114.16138889,367.4,structural_tip,building,1990,completed,wikidata-q214855,wikidata-q214855
wikidata-q5943,St Stephen's Cathedral south tower,Torre sur de la catedral de San Esteban,48.2085,16.373,136.44,structural_tip,church_spire,1433,completed,wikidata-q5943,wikidata-q5943
wikidata-q674472,St Michael's Church tower,Torre de la iglesia de San Miguel,53.548333,9.978889,132.14,structural_tip,church_tower,1786,completed,wikidata-q674472,wikidata-q674472
wikidata-q5620988,Old Joe clock tower,Torre del reloj Old Joe,52.4499,-1.9307,100,structural_tip,clock_tower,1908,completed,wikidata-q5620988,wikidata-q5620988
curated-clock-tower-tirana,Clock Tower of Tirana,Torre del Reloj de Tirana,41.32791,19.81869,35,structural_tip,clock_tower,1822,completed,source-curated-clock-tower-tirana,source-curated-clock-tower-tirana
wikidata-q1350295,Montaza Palace tower,Torre del Palacio de Montaza,31.2886,30.0159,50,structural_tip,palace_tower,1932,completed,wikidata-q1350295,wikidata-q1350295
curated-la-pyramide-abidjan,La Pyramide,La Pyramide,5.32335,-4.01971,60,structural_tip,building,1973,completed,source-curated-la-pyramide-abidjan,source-curated-la-pyramide-abidjan
wikidata-q98410976,Black Star Gate,Puerta de la Estrella Negra,5.54901,-0.19286,23,structural_tip,monument,1961,completed,wikidata-q98410976,wikidata-q98410976
curated-habib-bourguiba-clock,Avenue Habib Bourguiba Clock Tower,Torre del Reloj de la avenida Habib Bourguiba,36.79923,10.18673,38,structural_tip,clock_tower,2001,completed,source-curated-habib-bourguiba-clock,source-curated-habib-bourguiba-clock
wikidata-q1357650,Williams Tower,Williams Tower,29.73722222,-95.46138889,274.6,structural_tip,building,1982,completed,wikidata-q1357650,wikidata-q1357650
wikidata-q1453542,Freedom Tower,Torre de la Libertad,25.78,-80.18972222,78,structural_tip,building,1925,completed,wikidata-q1453542,wikidata-q1453542
wikidata-q3007905,Custom House Tower,Torre de la Aduana,42.35906944,-71.05336944,151,structural_tip,building,1915,completed,wikidata-q3007905,wikidata-q3007905
wikidata-q3120855,Torre Colpatria,Torre Colpatria,4.6108333333333,-74.070277777778,196,structural_tip,building,1978,completed,wikidata-q3120855,wikidata-q3120855
curated-torre-morisca-guayaquil,Torre Morisca,Torre Morisca,-2.1952,-79.8806,23,structural_tip,clock_tower,1931,completed,source-curated-torre-morisca-guayaquil,source-curated-torre-morisca-guayaquil
wikidata-q4801443,Arts Centre Melbourne spire,Aguja del Arts Centre Melbourne,-37.82027778,144.96833333,162,structural_tip,spire,1984,completed,wikidata-q4801443,wikidata-q4801443
wikidata-q5588695,Government Buildings clock tower,Torre del reloj de los Government Buildings,-18.145858,178.424413,30,structural_tip,clock_tower,1939,completed,wikidata-q5588695,wikidata-q5588695
wikidata-q2975344,El Micalet,El Micalet,39.47497,-0.3755,50.85,structural_tip,bell_tower,1429,completed,wikidata-q2975344,wikidata-q2975344
wikidata-q429562,Santa Bárbara Castle keep,Torre del homenaje del Castillo de Santa Bárbara,38.3494,-0.4781,20,structural_tip,castle_tower,1580,completed,wikidata-q429562,wikidata-q429562
wikidata-q845846,The STRAT tower,Torre The STRAT,36.147386,-115.155389,350.2,structural_tip,observation_tower,1996,completed,wikidata-q845846,wikidata-q845846
wikidata-q7989806,Westward Ho tower,Torre Westward Ho,33.454972,-112.073839,63,structural_tip,building,1928,completed,wikidata-q7989806,wikidata-q7989806
